Informant,State,Informant number,Response
TN001,TN,1,screened-in porch 
TN002,TN,2,screened-in porch 
TN003,TN,3,screened-in porch 
TN004,TN,4,-
TN005,TN,5,screened-in porch 
TN005,TN,5,screened-in side porch 
TN006,TN,6,screened-in porch 
TN007,TN,7,middle porch 
TN007,TN,7,screened-in porch 
TN008,TN,8,screened-in porch 
TN009,TN,9,gallery 
TN009,TN,9,screened-in porch 
TN009,TN,9,screened-in side porch 
TN010,TN,10,screened-in porch 
TN011,TN,11,screened-in porch 
TN012,TN,12,screened-in porch 
TN013,TN,13,back porch 
TN013,TN,13,gallery 
TN013,TN,13,screened-in porch 
TN014,TN,14,screened-in porch 
TN014,TN,14,dv
TN015,TN,15,screened-in porch 
TN015,TN,15,walk-out porch 
TN015,TN,15,dv
TN016,TN,16,balcony 
TN016,TN,16,screened-in porch 
TN016,TN,16,walk-out porch 
TN017,TN,17,screened-in porch 
TN018,TN,18,screened-in porch 
TN019,TN,19,screened-in porch 
TN020,TN,20,screened-in porch 
TN021,TN,21,screened-in porch 
TN022,TN,22,back porch 
TN022,TN,22,screened-in porch 
TN022,TN,22,walk-out porch 
TN022,TN,22,dv
TN023,TN,23,middle porch 
TN023,TN,23,screened-in porch 
TN024,TN,24,screened-in porch 
TN024,TN,24,screened-in side porch 
TN025,TN,25,screened-in porch 
TN026,TN,26,back porch 
TN026,TN,26,screened-in porch 
TN027,TN,27,screened-in porch 
TN027,TN,27,walk-out porch 
TN027,TN,27,dv
TN028,TN,28,back porch 
TN028,TN,28,balcony 
TN028,TN,28,gallery 
TN029,TN,29,back porch 
TN029,TN,29,gallery 
TN029,TN,29,screened-in porch 
TN030,TN,30,screened-in porch 
TN031,TN,31,screened-in porch 
TN032,TN,32,back porch 
TN032,TN,32,balcony 
TN032,TN,32,gallery 
TN033,TN,33,screened-in porch 
TN034,TN,34,back porch 
TN034,TN,34,gallery 
TN035,TN,35,screened-in porch 
TN035,TN,35,walk-out porch 
TN035,TN,35,dv
TN036,TN,36,middle porch 
TN036,TN,36,screened-in porch 
TN037,TN,37,gallery 
TN037,TN,37,up-and-down back porch 
TN038,TN,38,back porch 
TN038,TN,38,gallery 
TN039,TN,39,balcony 
TN039,TN,39,screened-in porch 
TN040,TN,40,screened-in porch 
TN040,TN,40,up-and-down back porch 
TN041,TN,41,gallery 
TN042,TN,42,screened-in porch 
TN043,TN,43,back porch 
TN043,TN,43,gallery 
TN043,TN,43,screened-in porch 
TN044,TN,44,middle porch 
TN044,TN,44,screened-in porch 
TN044,TN,44,screened-in side porch 
TN045,TN,45,back porch 
TN045,TN,45,doorstep 
TN045,TN,45,gallery 
TN045,TN,45,piazza 
TN045,TN,45,screened-in porch 
TN046,TN,46,screened-in porch 
TN047,TN,47,screened-in porch 
TN048,TN,48,screened-in porch 
TN049,TN,49,screened-in porch 
TN050,TN,50,back porch 
TN050,TN,50,screened-in porch 
TN050,TN,50,walk-out porch 
TN050,TN,50,dt
TN051,TN,51,gallery 
TN052,TN,52,0
TN053,TN,53,back porch 
TN053,TN,53,gallery 
TN053,TN,53,screened-in porch 
TN054,TN,54,screened-in porch 
TN055,TN,55,gallery 
TN055,TN,55,screened-in porch 
TN056,TN,56,screened-in porch 
TN056,TN,56,dg
TN057,TN,57,back porch 
TN057,TN,57,balcony 
TN057,TN,57,double gallery 
TN057,TN,57,screened-in porch 
TN058,TN,58,back porch 
TN058,TN,58,balcony 
TN058,TN,58,gallery 
TN058,TN,58,walk-out porch 
TN059,TN,59,back porch 
TN059,TN,59,gallery 
TN060,TN,60,back porch 
TN060,TN,60,gallery 
GA061,GA,61,gallery 
GA061,GA,61,screened-in porch 
GA061,GA,61,dp
GA062,GA,62,gallery 
GA062,GA,62,screened-in porch 
GA063,GA,63,downstairs porch 
GA063,GA,63,screened porch 
GA063,GA,63,screened-in back porch 
GA063,GA,63,screened-in front porch 
GA064,GA,64,screened-in porch 
GA065,GA,65,-
GA066,GA,66,screened-in porch 
GA066,GA,66,dt
GA067,GA,67,outdoor sitting room 
GA067,GA,67,screened-in porch 
GA067,GA,67,wraparound porch 
GA068,GA,68,screened-in porch 
GA069,GA,69,gallery 
GA069,GA,69,screened-in porch 
GA069,GA,69,walk-out porch 
GA069,GA,69,widow's perch 
GA069,GA,69,dv
GA070,GA,70,gallery 
GA070,GA,70,screened porch 
GA070,GA,70,screened-in porch 
GA070,GA,70,dv
GA071,GA,71,back porch 
GA072,GA,72,back porch 
GA072,GA,72,gallery 
GA072,GA,72,screened-in porch 
GA073,GA,73,double gallery 
GA073,GA,73,screened porch 
GA073,GA,73,screened-in porch 
GA073,GA,73,walk-out porch 
GA073,GA,73,dv
GA074,GA,74,back porch 
GA074,GA,74,screened-in porch 
GA075,GA,75,back porch 
GA075,GA,75,gallery 
GA075,GA,75,screened-in porch 
GA075,GA,75,walk-out porch 
GA076,GA,76,screened-in porch 
GA077,GA,77,back porch 
GA077,GA,77,screened-in porch 
GA078,GA,78,back porch 
GA078,GA,78,gallery 
GA078,GA,78,screened-in porch 
GA079,GA,79,screened-in porch 
GA080,GA,80,screened-in porch 
GA081,GA,81,gallery 
GA081,GA,81,dv
GA082,GA,82,screened porch 
GA082,GA,82,screened-in porch 
GA082,GA,82,dv
GA083,GA,83,-
GA084,GA,84,front stoop 
GA084,GA,84,front veranda 
GA084,GA,84,lower gallery 
GA084,GA,84,screened-in porch 
GA084,GA,84,wraparound porch 
GA085,GA,85,gallery 
GA086,GA,86,back porch 
GA086,GA,86,gallery 
GA086,GA,86,screened-in porch 
GA087,GA,87,screened-in porch 
GA088,GA,88,back porch 
GA088,GA,88,gallery 
GA088,GA,88,screened-in porch 
GA088,GA,88,walk-out porch 
GA088,GA,88,dv
GA089,GA,89,gallery 
GA089,GA,89,screened-in porch 
GA089,GA,89,upstairs balcony 
GA089,GA,89,upstairs porch 
GA090,GA,90,back porch 
GA090,GA,90,gallery 
GA090,GA,90,up-and-down back porch 
GA091,GA,91,screened-in porch 
GA091,GA,91,walk-out porch 
GA091,GA,91,dv
GA092,GA,92,screened porch 
GA092,GA,92,screened-in porch 
GA092,GA,92,dv
GA093,GA,93,screened-in porch 
GA094,GA,94,back porch 
GA094,GA,94,screened-in porch 
GA094,GA,94,upstairs balcony 
GA095,GA,95,double gallery 
GA095,GA,95,screened-in porch 
GA095,GA,95,walk-out porch 
GA095,GA,95,dv
GA096,GA,96,back porch 
GA096,GA,96,screened porch 
GA096,GA,96,screened-in porch 
GA096,GA,96,dv
GA097,GA,97,back porch 
GA097,GA,97,screened-in porch 
GA097,GA,97,up-and-down back porch 
GA097,GA,97,walk-out porch 
GA098,GA,98,back porch 
GA098,GA,98,screened-in porch 
GA098,GA,98,dr
GA098,GA,98,dv
GA099,GA,99,back porch 
GA099,GA,99,back stoop 
GA099,GA,99,goge [gallery+loge?] 
GA099,GA,99,open porch 
GA099,GA,99,screened-in porch 
GA099,GA,99,steps 
GA099,GA,99,dv
GA100,GA,100,screened back porch 
GA100,GA,100,screened-in porch 
GA101,GA,101,back porch 
GA102,GA,102,back porch 
GA102,GA,102,balcony 
GA102,GA,102,screened-in porch 
GA102,GA,102,di
GA103,GA,103,balcony 
GA103,GA,103,rear porch 
GA103,GA,103,screened-in porch 
GA103,GA,103,screened-in side porch 
GA103,GA,103,walk-out porch 
GA103,GA,103,dt
GA103,GA,103,dv
GA104,GA,104,back porch 
GA104,GA,104,balcony 
GA104,GA,104,dust catcher 
GA104,GA,104,gallery 
GA104,GA,104,screened-in porch 
GA104,GA,104,side gallery 
GA104,GA,104,walk-out porch 
GA105,GA,105,back porch 
GA105,GA,105,screened-in porch 
GA105,GA,105,dv
GA106,GA,106,open porch 
GA106,GA,106,screened-in porch 
GA106,GA,106,side screen porch 
GA106,GA,106,walk-out porch 
GA107,GA,107,screened-in porch 
GA108,GA,108,back porch 
GA108,GA,108,gallery 
GA108,GA,108,screened-in porch 
GA109,GA,109,back porch 
GA109,GA,109,screened porch 
GA109,GA,109,screened-in porch 
GA109,GA,109,dt
GA110,GA,110,screened-in porch 
GA110,GA,110,dv
GA111,GA,111,screened-in porch 
GA112,GA,112,screened-in porch 
GA113,GA,113,dv
GA114,GA,114,gallery 
GA114,GA,114,screened-in front porch 
GA115,GA,115,screened-in porch 
GA115,GA,115,dv
GA116,GA,116,gallery 
GA116,GA,116,screened-in porch 
GA117,GA,117,screened-in porch 
GA117,GA,117,dv
GA118,GA,118,back porch 
GA119,GA,119,screened-in porch 
GA119,GA,119,walk-out porch 
GA120,GA,120,-
GA121,GA,121,balcony 
GA121,GA,121,screened-in porch 
GA122,GA,122,screened-in porch 
GA123,GA,123,screened porch 
GA123,GA,123,screened-in porch 
GA123,GA,123,dv
GA124,GA,124,back porch 
GA124,GA,124,balcony 
GA124,GA,124,gallery 
GA124,GA,124,screened-in porch 
GA125,GA,125,screened-in porch 
GA126,GA,126,screened-in porch 
GA127,GA,127,screened-in porch 
GA128,GA,128,screened-in porch 
GA129,GA,129,screened-in porch 
GA129,GA,129,dw
GA130,GA,130,gallery 
GA130,GA,130,screened back porch 
GA131,GA,131,screened-in porch 
GA131,GA,131,dv
GA132,GA,132,screened-in porch 
GA132,GA,132,widow's walk 
GA133,GA,133,back porch 
GA133,GA,133,screened-in porch 
GA133,GA,133,up-and-down back porch 
GA134,GA,134,screened-in porch 
GA135,GA,135,back porch 
GA135,GA,135,screened-in porch 
GA135,GA,135,walk-out porch 
GA136,GA,136,gallery 
GA136,GA,136,L-shaped porch 
GA136,GA,136,screened porch 
GA136,GA,136,screened-in porch 
GA137,GA,137,back porch 
GA137,GA,137,gallery 
GA137,GA,137,screened-in side porch 
GA138,GA,138,back porch 
GA138,GA,138,screened-in porch 
GA139,GA,139,screened back porch 
GA139,GA,139,screened-in porch 
GA140,GA,140,screened-in porch 
GA141,GA,141,balcony 
GA141,GA,141,gallery 
GA141,GA,141,screened-in porch 
GA141,GA,141,walk-out porch 
GA142,GA,142,gallery 
GA142,GA,142,screened-in porch 
GA142,GA,142,up-and-down back porch 
GA143,GA,143,-
GA144,GA,144,back porch 
GA144,GA,144,balcony 
GA144,GA,144,screened-in porch 
GA144,GA,144,steps 
GA144,GA,144,walk-out porch 
GA145,GA,145,back porch 
GA145,GA,145,porch 
GA145,GA,145,screened-in porch 
GA146,GA,146,back porch 
GA146,GA,146,balcony 
GA146,GA,146,rear porch 
GA146,GA,146,screened-in porch 
GA146,GA,146,di
GA147,GA,147,screened-in porch 
GA147,GA,147,walk-out porch 
GA148,GA,148,screened-in porch 
GA148,GA,148,walk-out porch 
GA148,GA,148,wraparound porch 
GA148,GA,148,dt
GA148,GA,148,dv
GA149,GA,149,screened-in porch 
GA150,GA,150,back porch 
GA150,GA,150,entry 
GA150,GA,150,gallery 
GA150,GA,150,steps 
GA151,GA,151,back porch 
GA151,GA,151,gallery 
GA151,GA,151,screened-in porch 
GA152,GA,152,gallery 
GA152,GA,152,walk-out porch 
GA153,GA,153,screened-in porch 
GA154,GA,154,screened-in porch 
GA155,GA,155,gallery 
GA155,GA,155,screened-in porch 
GA155,GA,155,Southern-style porch 
GA155,GA,155,walk-out porch 
GA155,GA,155,dv
GA156,GA,156,screened-in porch 
GA156,GA,156,suspended porch 
GA157,GA,157,screened-in porch 
GA157,GA,157,walk-out porch 
GA158,GA,158,screened-in porch 
GA158,GA,158,walk-out porch 
GA159,GA,159,back porch 
GA160,GA,160,screened-in porch 
GA160,GA,160,wraparound porch 
GA161,GA,161,screened-in porch 
GA162,GA,162,screened back porch 
GA162,GA,162,screened-in porch 
GA162,GA,162,walk-out porch 
GA163,GA,163,back porch 
GA163,GA,163,balcony 
GA163,GA,163,screened-in porch 
GA163,GA,163,dv
GA164,GA,164,screened porch 
GA164,GA,164,screened-in porch 
GA165,GA,165,screened-in porch 
GA166,GA,166,screened-in porch 
GA167,GA,167,gallery 
GA168,GA,168,half porch 
GA168,GA,168,screened-in porch 
GA169,GA,169,back porch 
GA169,GA,169,gallery 
GA169,GA,169,screened-in porch 
GA170,GA,170,gallery 
GA170,GA,170,screened porch 
GA170,GA,170,screened-in porch 
GA170,GA,170,screened-in side porch 
GA170,GA,170,upstairs balcony 
GA170,GA,170,walk-out porch 
GA170,GA,170,do
GA170,GA,170,dv
GA171,GA,171,back porch 
GA171,GA,171,balcony 
GA171,GA,171,gallery 
GA171,GA,171,screened-in porch 
GA171,GA,171,dv
GA172,GA,172,back porch 
GA172,GA,172,gallery 
GA172,GA,172,screened-in porch 
GA173,GA,173,gallery 
GA173,GA,173,screened-in porch 
GA173,GA,173,walk-out porch 
GA174,GA,174,gallery 
GA174,GA,174,screened-in porch 
GA175,GA,175,screened-in porch 
GA176,GA,176,screened-in porch 
GA176,GA,176,walk-out porch 
GA176,GA,176,dv
GA177,GA,177,back porch 
GA177,GA,177,galeria (S) 
GA177,GA,177,gallery 
GA178,GA,178,back shed 
GA178,GA,178,garret 
GA178,GA,178,screened-in porch 
GA178,GA,178,suspended porch 
GA179,GA,179,screened-in porch 
GA180,GA,180,back porch 
GA180,GA,180,dt
GA181,GA,181,screened-in porch 
GA181,GA,181,walk-out porch 
GA181,GA,181,widow's perch 
GA181,GA,181,dv
GA182,GA,182,rear porch 
GA182,GA,182,screened porch 
GA182,GA,182,screened-in porch 
GA182,GA,182,walk-out porch 
GA182,GA,182,dv
GA183,GA,183,back porch 
GA183,GA,183,gallery 
GA183,GA,183,screened-in porch 
GA184,GA,184,back porch 
GA184,GA,184,double gallery 
GA184,GA,184,gallery 
GA184,GA,184,screened-in porch 
GA184,GA,184,side gallery 
GA184,GA,184,up-and-down back porch 
GA185,GA,185,back porch 
GA185,GA,185,half porch 
GA185,GA,185,steps 
GA185,GA,185,up-and-down back porch 
GA185,GA,185,walk-out porch 
GA186,GA,186,gallery 
GA186,GA,186,screened porch 
GA186,GA,186,dv
GA187,GA,187,back porch 
GA187,GA,187,gallery 
GA187,GA,187,screened-in porch 
GA188,GA,188,back porch 
GA188,GA,188,gallery 
GA188,GA,188,front veranda 
GA188,GA,188,round porch 
GA188,GA,188,screen-in 
GA188,GA,188,upper porch 
GA188,GA,188,do
GA189,GA,189,screened-in porch 
GA189,GA,189,dv
GA190,GA,190,front stoop 
GA190,GA,190,screened-in porch 
GA190,GA,190,Southern-style porch 
GA191,GA,191,screened-in porch 
GA192,GA,192,back porch 
GA192,GA,192,gallery 
GA192,GA,192,screened-in porch 
GA192,GA,192,walk-out porch 
GA193,GA,193,back porch 
GA193,GA,193,gallery 
GA193,GA,193,screened-in porch 
GA194,GA,194,screened-in porch 
GA195,GA,195,back porch 
GA195,GA,195,gallery 
GA195,GA,195,up-and-down back porch 
GA195,GA,195,walk-out porch 
GA196,GA,196,screened-in porch 
GA197,GA,197,screened-in porch 
GA198,GA,198,gallery 
GA199,GA,199,back porch 
GA199,GA,199,screened-in porch 
GA200,GA,200,back porch 
GA200,GA,200,screened-in porch 
GA201,GA,201,back porch 
GA201,GA,201,balcony 
GA201,GA,201,gallery 
GA201,GA,201,screened-in porch 
GA202,GA,202,balcony 
GA202,GA,202,double gallery 
GA202,GA,202,galeria (S) 
GA202,GA,202,widow's perch 
GA202,GA,202,wraparound porch 
GA203,GA,203,back porch 
GA203,GA,203,gallery 
GA204,GA,204,screened-in porch 
GA205,GA,205,screened-in porch 
GA206,GA,206,back porch 
GA206,GA,206,gallery 
GA206,GA,206,screened-in porch 
GA207,GA,207,screened-in porch 
GA207,GA,207,walk-out porch 
GA207,GA,207,dp
GA208,GA,208,back porch 
GA208,GA,208,screened-in porch 
GA209,GA,209,balcony 
GA209,GA,209,screened-in porch 
GA209,GA,209,dt
GA210,GA,210,screened-in porch 
GA210,GA,210,walk-out porch 
GA211,GA,211,gallery 
GA212,GA,212,back porch 
GA212,GA,212,gallery 
GA212,GA,212,steps 
GA213,GA,213,back porch 
GA214,GA,214,gallery 
GA214,GA,214,screened porch 
GA214,GA,214,screened-in porch 
GA214,GA,214,di
GA214,GA,214,dq
GA215,GA,215,screened-in porch 
GA216,GA,216,back porch 
GA216,GA,216,gallery 
GA216,GA,216,screened back porch 
GA216,GA,216,screened-in porch 
GA217,GA,217,back porch 
GA217,GA,217,gallery 
GA217,GA,217,L-shaped porch 
GA217,GA,217,dv
GA218,GA,218,back porch 
GA218,GA,218,gallery 
GA218,GA,218,screened porch 
GA218,GA,218,screened-in porch 
GA218,GA,218,walk-out porch 
GA219,GA,219,back porch 
GA219,GA,219,gallery 
GA219,GA,219,screened porch 
GA219,GA,219,screened-in porch 
GA219,GA,219,walk-out porch 
GA220,GA,220,screened-in porch 
GA221,GA,221,dust catcher 
GA221,GA,221,gallery 
GA221,GA,221,walk-out porch 
GA222,GA,222,screened-in porch 
GA223,GA,223,back porch 
GA223,GA,223,gallery 
GA223,GA,223,screened-in porch 
GA224,GA,224,gallery 
GA224,GA,224,screened-in porch 
GA225,GA,225,screened-in porch 
GA225,GA,225,walk-out porch 
FL226,FL,226,screened-in porch 
FL227,FL,227,back porch 
FL227,FL,227,gallery 
FL227,FL,227,screened-in porch 
FL228,FL,228,back porch 
FL228,FL,228,screened-in porch 
FL229,FL,229,back porch 
FL229,FL,229,balcony 
FL229,FL,229,gallery 
FL229,FL,229,outdoor sitting room 
FL230,FL,230,screened-in porch 
FL231,FL,231,screened-in porch 
FL232,FL,232,balcony 
FL232,FL,232,galeria (S) 
FL232,FL,232,gallery 
FL232,FL,232,di
FL233,FL,233,back porch 
FL233,FL,233,gallery 
FL234,FL,234,screened-in porch 
FL235,FL,235,rear porch 
FL235,FL,235,screened-in porch 
FL235,FL,235,Southern-style porch 
FL236,FL,236,back porch 
FL236,FL,236,gallery 
FL236,FL,236,L-shaped porch 
FL236,FL,236,dt
FL237,FL,237,screened-in porch 
FL238,FL,238,back porch 
FL238,FL,238,screened-in porch 
FL239,FL,239,screened-in porch 
FL240,FL,240,screened-in porch 
FL241,FL,241,-
FL242,FL,242,back porch 
FL242,FL,242,screened-in porch 
FL243,FL,243,balcony 
FL243,FL,243,screened-in porch 
FL243,FL,243,walk-out porch 
FL244,FL,244,-
FL245,FL,245,balcony 
FL245,FL,245,screened-in porch 
FL245,FL,245,side gallery 
FL245,FL,245,walk-out porch 
FL245,FL,245,dt
FL245,FL,245,dv
FL246,FL,246,screened-in porch 
FL247,FL,247,back porch 
FL247,FL,247,balcony 
FL247,FL,247,gallery 
FL247,FL,247,dv
FL248,FL,248,balcony 
FL248,FL,248,walk-out porch 
FL249,FL,249,screened-in porch 
FL249,FL,249,walk-out porch 
FL250,FL,250,screened-in porch 
FL251,FL,251,screened porch 
FL251,FL,251,screened-in porch 
FL252,FL,252,screened-in porch 
FL253,FL,253,screened-in porch 
FL254,FL,254,gallery 
FL254,FL,254,screened porch 
FL254,FL,254,screened-in porch 
FL254,FL,254,walk-out porch 
FL254,FL,254,dv
FL255,FL,255,back porch 
FL255,FL,255,screened porch 
FL255,FL,255,screened-in porch 
FL255,FL,255,eb
FL256,FL,256,screened-in porch 
FL257,FL,257,gallery 
FL257,FL,257,portico 
FL257,FL,257,screened-in porch 
FL258,FL,258,gallery 
FL258,FL,258,screened-in porch 
FL259,FL,259,back porch 
FL259,FL,259,screened-in porch 
FL260,FL,260,screened-in porch 
FL261,FL,261,balcony 
FL261,FL,261,screened-in porch 
FL262,FL,262,back porch 
FL262,FL,262,gallery 
FL263,FL,263,back porch 
FL263,FL,263,screened-in porch 
FL263,FL,263,Southern-style porch 
FL264,FL,264,back porch 
FL264,FL,264,balcony 
FL264,FL,264,gallery 
FL264,FL,264,screened-in porch 
FL264,FL,264,walk-out porch 
FL264,FL,264,widow's perch 
FL264,FL,264,wraparound porch 
FL264,FL,264,dv
FL265,FL,265,screened porch 
FL265,FL,265,screened-in porch 
FL265,FL,265,dp
FL266,FL,266,back porch 
FL266,FL,266,balcony 
FL266,FL,266,gallery 
FL266,FL,266,side gallery 
FL266,FL,266,walk-out porch 
FL267,FL,267,screened-in porch 
FL268,FL,268,-
FL269,FL,269,0
FL270,FL,270,balcony 
FL270,FL,270,screened-in porch 
FL270,FL,270,dx
FL271,FL,271,balcony 
FL271,FL,271,screened-in porch 
FL272,FL,272,airplane sleeping porch 
FL273,FL,273,back porch 
FL273,FL,273,balcony 
FL273,FL,273,screened-in porch 
FL274,FL,274,screened-in porch 
FL274,FL,274,walk-out porch 
FL275,FL,275,back porch 
FL275,FL,275,gallery 
FL275,FL,275,steps 
FL276,FL,276,step-down 
FL277,FL,277,walk-out porch 
FL278,FL,278,balcony 
FL278,FL,278,dust catcher 
FL278,FL,278,screened-in porch 
FL278,FL,278,walk-out porch 
FL278,FL,278,dv
FL279,FL,279,screened-in porch 
FL280,FL,280,-
FL281,FL,281,back porch 
FL281,FL,281,balcony 
FL281,FL,281,screened-in porch 
FL282,FL,282,back porch 
FL282,FL,282,gallery 
FL282,FL,282,screened-in porch 
FL283,FL,283,screened-in porch 
FL284,FL,284,back porch 
FL284,FL,284,screened-in porch 
FL284,FL,284,side gallery 
FL285,FL,285,back porch 
FL285,FL,285,balcony 
FL285,FL,285,gallery 
FL285,FL,285,screened-in porch 
FL285,FL,285,up-and-down back porch 
FL286,FL,286,screened-in porch 
FL286,FL,286,steps 
FL287,FL,287,gallery 
FL288,FL,288,screened porch 
FL288,FL,288,screened-in porch 
FL288,FL,288,walk-out porch 
FL288,FL,288,ds
FL288,FL,288,dt
FL289,FL,289,screened-in porch 
TN290,TN,290,back porch 
TN290,TN,290,gallery 
TN290,TN,290,screened-in porch 
TN291,TN,291,back porch 
TN291,TN,291,balcony 
TN291,TN,291,gallery 
TN291,TN,291,screened-in porch 
TN292,TN,292,back porch 
TN292,TN,292,screened-in porch 
TN292,TN,292,up-and-down back porch 
TN293,TN,293,back porch 
TN293,TN,293,gallery 
TN293,TN,293,up-and-down back porch 
TN294,TN,294,balcony 
TN294,TN,294,screened-in porch 
TN295,TN,295,back porch 
TN296,TN,296,screened-in porch 
TN296,TN,296,screened-in side porch 
TN297,TN,297,screened-in porch 
TN298,TN,298,screened-in porch 
TN299,TN,299,balcony 
TN299,TN,299,walk-out porch 
TN299,TN,299,dv
TN300,TN,300,back porch 
TN300,TN,300,balcony 
TN300,TN,300,gallery 
TN300,TN,300,screened-in porch 
TN300,TN,300,steps 
TN301,TN,301,screened-in porch 
TN302,TN,302,screened-in porch 
TN303,TN,303,screened-in porch 
TN303,TN,303,screened-in side porch 
TN304,TN,304,screened-in porch 
TN304,TN,304,screened-in side porch 
TN305,TN,305,balcony 
TN305,TN,305,entry 
TN305,TN,305,screened-in porch 
TN306,TN,306,circle porch 
TN306,TN,306,screened-in porch 
TN306,TN,306,widow's perch 
TN307,TN,307,balcony 
TN307,TN,307,screened-in porch 
TN308,TN,308,balcony porch 
TN308,TN,308,up-and-down back porch 
TN309,TN,309,cupola 
TN309,TN,309,platform 
TN309,TN,309,screened-in porch 
TN309,TN,309,dv
TN310,TN,310,balcony 
TN310,TN,310,screened-in porch 
TN311,TN,311,balcony 
TN311,TN,311,screened-in porch 
TN312,TN,312,screened-in porch 
TN313,TN,313,balcony 
TN313,TN,313,screened-in porch 
TN313,TN,313,dv
TN314,TN,314,back porch 
TN314,TN,314,balcony 
TN314,TN,314,gallery 
TN315,TN,315,back porch 
TN315,TN,315,gallery 
TN315,TN,315,screened-in porch 
TN316,TN,316,screened-in porch 
TN317,TN,317,screened-in side porch 
TN318,TN,318,screened-in porch 
TN319,TN,319,-
TN320,TN,320,back porch 
TN320,TN,320,screened-in porch 
TN320,TN,320,screened-in side porch 
TN321,TN,321,screened-in side porch 
TN322,TN,322,screened-in porch 
TN323,TN,323,back porch 
TN323,TN,323,screened-in porch 
TN324,TN,324,back porch 
TN324,TN,324,entrance 
TN324,TN,324,step-down 
TN325,TN,325,back porch 
TN325,TN,325,gallery 
TN326,TN,326,gallery 
TN326,TN,326,screened-in porch 
TN327,TN,327,-
TN328,TN,328,gallery 
TN328,TN,328,rear porch 
TN328,TN,328,steps 
TN328,TN,328,walk-out porch 
TN328,TN,328,dv
TN329,TN,329,balcony 
TN329,TN,329,gallery 
TN329,TN,329,side gallery 
TN329,TN,329,dv
TN330,TN,330,back porch 
TN330,TN,330,balcony porch 
TN330,TN,330,gallery 
TN330,TN,330,screened-in porch 
TN331,TN,331,0
TN332,TN,332,back porch 
TN332,TN,332,gallery 
TN332,TN,332,L-shaped porch 
TN333,TN,333,screened-in porch 
TN334,TN,334,screened-in porch 
TN334,TN,334,screened-in side porch 
TN335,TN,335,screened-in porch 
TN336,TN,336,back porch 
AL337,AL,337,gallery 
AL338,AL,338,screened-in porch 
AL338,AL,338,sleeping porch 
AL338,AL,338,dv
AL339,AL,339,screened-in porch 
AL340,AL,340,attic porch 
AL340,AL,340,back porch 
AL340,AL,340,screened-in porch 
AL341,AL,341,gallery 
AL341,AL,341,screened-in porch 
AL342,AL,342,back porch 
AL342,AL,342,gallery 
AL342,AL,342,screened-in porch 
AL343,AL,343,back porch 
AL343,AL,343,balcony 
AL343,AL,343,cupola porch 
AL343,AL,343,double gallery 
AL343,AL,343,screened-in porch 
AL344,AL,344,back porch 
AL344,AL,344,gallery 
AL344,AL,344,screened-in porch 
AL345,AL,345,screened-in porch 
AL346,AL,346,screened-in porch 
AL347,AL,347,screened-in porch 
AL348,AL,348,balcony 
AL348,AL,348,screened-in porch 
AL349,AL,349,screened-in porch 
AL350,AL,350,gallery 
AL350,AL,350,screened-in porch 
AL350,AL,350,up-and-down back porch 
AL350,AL,350,walk-out porch 
AL350,AL,350,wraparound porch 
AL351,AL,351,back porch 
AL351,AL,351,screened-in porch 
AL351,AL,351,dt
AL351,AL,351,dv
AL352,AL,352,back porch 
AL352,AL,352,balcony 
AL352,AL,352,screened-in porch 
AL352,AL,352,up-and-down back porch 
AL353,AL,353,back porch 
AL353,AL,353,balcony 
AL353,AL,353,L-shaped porch 
AL353,AL,353,dv
AL354,AL,354,screened-in porch 
AL354,AL,354,walk-out porch 
AL355,AL,355,screened porch 
AL355,AL,355,screened-in porch 
AL355,AL,355,dv
AL356,AL,356,back porch 
AL356,AL,356,balcony 
AL356,AL,356,gallery 
AL356,AL,356,dv
AL357,AL,357,back porch 
AL357,AL,357,balcony 
AL357,AL,357,freeze out 
AL357,AL,357,gallery 
AL357,AL,357,screened-in porch 
AL357,AL,357,walk-out porch 
AL358,AL,358,balcony 
AL358,AL,358,L-shaped porch 
AL358,AL,358,screen porch 
AL358,AL,358,steps 
AL358,AL,358,widow's walk 
AL359,AL,359,back porch 
AL359,AL,359,screened porch 
AL359,AL,359,screened-in porch 
AL359,AL,359,dv
AL360,AL,360,balcony 
AL360,AL,360,screened-in porch 
AL360,AL,360,walk-out porch 
AL361,AL,361,double gallery 
AL361,AL,361,gallery 
AL361,AL,361,screened porch 
AL361,AL,361,dv
AL362,AL,362,screened-in porch 
AL362,AL,362,dv
AL363,AL,363,screened-in porch 
AL364,AL,364,screened-in porch 
AL364,AL,364,do
AL365,AL,365,L-shaped porch 
AL365,AL,365,screened-in porch 
AL366,AL,366,back porch 
AL366,AL,366,gallery 
AL366,AL,366,lean-to 
AL367,AL,367,screened-in porch 
AL367,AL,367,screened-in side porch 
AL368,AL,368,balcony 
AL368,AL,368,screened-in porch 
AL369,AL,369,balcony 
AL369,AL,369,gallery 
AL369,AL,369,screened-in porch 
AL370,AL,370,back porch 
AL370,AL,370,balcony 
AL370,AL,370,gallery 
AL371,AL,371,balcony 
AL371,AL,371,screened-in porch 
AL372,AL,372,balcony 
AL372,AL,372,screened-in porch 
AL373,AL,373,gallery 
AL373,AL,373,rear porch 
AL373,AL,373,screened-in porch 
AL374,AL,374,balcony 
AL374,AL,374,double gallery 
AL374,AL,374,screened-in porch 
AL375,AL,375,back porch 
AL375,AL,375,balcony 
AL375,AL,375,screened-in porch 
AL375,AL,375,dv
AL376,AL,376,gallery 
AL376,AL,376,screened-in porch 
AL377,AL,377,screened-in porch 
AL377,AL,377,upstairs balcony 
AL378,AL,378,-
AL379,AL,379,back porch 
AL379,AL,379,balcony 
AL379,AL,379,screened-in porch 
AL380,AL,380,back porch 
AL380,AL,380,gallery 
AL380,AL,380,screened porch 
AL380,AL,380,screened-in porch 
AL381,AL,381,screened-in porch 
AL382,AL,382,widow's walk 
AL382,AL,382,wraparound porch 
AL382,AL,382,dg
AL382,AL,382,dv
AL383,AL,383,gallery 
AL383,AL,383,screened-in porch 
AL384,AL,384,screened-in porch 
AL385,AL,385,screened-in porch 
AL386,AL,386,back stoop 
AL386,AL,386,goge [gallery+loge?] 
AL386,AL,386,screened-in porch 
AL386,AL,386,walk-out porch 
AL387,AL,387,back porch 
AL387,AL,387,flatform 
AL387,AL,387,screened-in porch 
AL387,AL,387,ec
AL388,AL,388,-
AL389,AL,389,gallery 
AL389,AL,389,screened-in porch 
AL390,AL,390,screened porch 
AL390,AL,390,screened-in porch 
AL390,AL,390,sun room 
AL391,AL,391,back porch 
AL391,AL,391,balcony 
AL391,AL,391,gallery 
AL391,AL,391,screened-in porch 
AL391,AL,391,dv
AL392,AL,392,entrance porch 
AL392,AL,392,screened-in porch 
AL392,AL,392,up-and-down back porch 
AL392,AL,392,dp
AL393,AL,393,gallery 
AL393,AL,393,screened porch 
AL393,AL,393,step-out 
AL394,AL,394,back porch 
AL394,AL,394,balcony 
AL394,AL,394,gallery 
AL394,AL,394,screened-in porch 
AL395,AL,395,balcony 
AL395,AL,395,screened-in porch 
AL396,AL,396,back piazza 
AL396,AL,396,screened porch 
AL396,AL,396,screened-in porch 
AL397,AL,397,back piazza 
AL397,AL,397,gallery 
AL397,AL,397,screened porch 
AL397,AL,397,screened-in porch 
AL398,AL,398,back porch 
AL398,AL,398,screened-in porch 
AL398,AL,398,dv
AL399,AL,399,screened-in porch 
AL400,AL,400,screened-in porch 
AL401,AL,401,screened-in porch 
AL402,AL,402,-
AL403,AL,403,back porch 
AL403,AL,403,L-shaped porch 
AL403,AL,403,screened-in porch 
AL404,AL,404,back porch 
AL404,AL,404,screened-in porch 
AL404,AL,404,dt
AL405,AL,405,back porch 
AL405,AL,405,gallery 
AL405,AL,405,dv
AL406,AL,406,balcony 
AL406,AL,406,screened-in porch 
AL407,AL,407,back porch 
AL407,AL,407,screened-in porch 
AL408,AL,408,balcony 
AL408,AL,408,screened-in porch 
AL409,AL,409,back porch 
AL409,AL,409,gallery 
AL409,AL,409,step-down 
AL409,AL,409,dt
AL410,AL,410,gallery 
AL410,AL,410,screened-in porch 
AL411,AL,411,screened-in porch 
AL412,AL,412,gallery 
AL412,AL,412,screened-in porch 
AL412,AL,412,wraparound porch 
AL413,AL,413,balcony 
AL413,AL,413,screened-in porch 
AL414,AL,414,back porch 
AL414,AL,414,screened-in porch 
AL414,AL,414,walk-out porch 
AL414,AL,414,dv
AL415,AL,415,outdoor sitting room 
AL415,AL,415,screened porch 
AL415,AL,415,screened-in porch 
AL415,AL,415,walk-out porch 
AL415,AL,415,dv
AL416,AL,416,back porch 
AL416,AL,416,gallery 
AL417,AL,417,back porch 
AL417,AL,417,balcony 
AL417,AL,417,gallery 
AL417,AL,417,screened-in porch 
AL417,AL,417,upstairs balcony 
AL418,AL,418,back porch 
AL418,AL,418,balcony 
AL418,AL,418,up-and-down back porch 
AL418,AL,418,dt
AL419,AL,419,back porch 
AL419,AL,419,L-shaped porch 
AL419,AL,419,screened porch 
AL419,AL,419,screened-in porch 
AL419,AL,419,dv
AL420,AL,420,L-shaped porch 
AL420,AL,420,screened-in porch 
AL421,AL,421,screened-in porch 
AL422,AL,422,back porch 
AL422,AL,422,gallery 
AL422,AL,422,screened-in porch 
AL422,AL,422,screened-in side porch 
AL423,AL,423,back porch 
AL423,AL,423,freeze out 
AL423,AL,423,L-shaped porch 
AL423,AL,423,screened back porch 
AL423,AL,423,walk-out porch 
AL423,AL,423,dt
AL424,AL,424,screened-in porch 
AL425,AL,425,screened-in porch 
AL426,AL,426,back porch 
AL426,AL,426,gallery 
AL426,AL,426,screened-in porch 
AL427,AL,427,back porch 
AL427,AL,427,balcony 
AL427,AL,427,gallery 
AL427,AL,427,screened-in porch 
AL427,AL,427,walk-out porch 
AL428,AL,428,back porch 
AL428,AL,428,gallery 
AL428,AL,428,screened back porch 
AL428,AL,428,screened porch 
AL428,AL,428,dt
AL428,AL,428,dv
AL429,AL,429,gallery 
AL429,AL,429,dv
AL430,AL,430,screened porch 
AL430,AL,430,screened-in porch 
AL431,AL,431,back porch 
AL431,AL,431,gallery 
AL431,AL,431,screened porch 
AL431,AL,431,screened-in porch 
AL431,AL,431,up-and-down back porch 
AL431,AL,431,dv
AL432,AL,432,back porch 
AL432,AL,432,front gallery 
AL432,AL,432,gallery 
AL432,AL,432,screened-in porch 
AL433,AL,433,screened-in porch 
AL434,AL,434,back porch 
AL434,AL,434,screened-in porch 
AL435,AL,435,back porch 
AL435,AL,435,L-shaped porch 
AL435,AL,435,walk-out porch 
AL436,AL,436,screened porch 
AL436,AL,436,screened-in porch 
AL436,AL,436,wraparound porch 
AL437,AL,437,back porch 
AL437,AL,437,balcony 
AL437,AL,437,gallery 
AL437,AL,437,steps 
AL437,AL,437,sun room 
AL437,AL,437,walk-out porch 
AL438,AL,438,-
AL439,AL,439,balcony 
AL439,AL,439,screened-in porch 
AL439,AL,439,side gallery 
AL439,AL,439,dv
AL440,AL,440,screened porch 
AL440,AL,440,screened-in porch 
AL440,AL,440,walk-out porch 
AL441,AL,441,back porch 
AL441,AL,441,gallery 
AL441,AL,441,screened porch 
AL442,AL,442,back porch 
AL442,AL,442,gallery 
AL442,AL,442,L-shaped porch 
AL442,AL,442,screened-in porch 
AL442,AL,442,dv
AL443,AL,443,back porch 
AL443,AL,443,balcony 
AL443,AL,443,gallery 
AL443,AL,443,screened-in porch 
AL443,AL,443,shed porch 
AL444,AL,444,door porch 
AL444,AL,444,screened porch 
AL444,AL,444,screened-in porch 
AL444,AL,444,widow's perch 
AL445,AL,445,balcony 
AL445,AL,445,L-shaped porch 
AL445,AL,445,screened porch 
AL445,AL,445,screened-in porch 
AL445,AL,445,upstairs balcony 
AL445,AL,445,dv
AL446,AL,446,back porch 
AL446,AL,446,gallery 
AL446,AL,446,screened-in porch 
AL447,AL,447,L-shaped porch 
AL447,AL,447,screened-in porch 
AL447,AL,447,dv
AL448,AL,448,L-shaped porch 
AL448,AL,448,screened-in porch 
AL448,AL,448,upstairs balcony 
AL449,AL,449,L-shaped porch 
AL449,AL,449,screened-in porch 
AL450,AL,450,balcony 
AL450,AL,450,covered porch 
AL450,AL,450,gallery 
AL450,AL,450,L-shaped porch 
AL451,AL,451,L-shaped porch 
AL451,AL,451,screened porch 
AL451,AL,451,screened-in porch 
FL452,FL,452,balcony 
FL452,FL,452,parlor 
FL452,FL,452,walk-out porch 
FL452,FL,452,wraparound porch 
FL452,FL,452,dv
FL453,FL,453,gallery 
FL453,FL,453,screened-in porch 
FL454,FL,454,screened-in porch 
FL455,FL,455,back porch 
FL455,FL,455,gallery 
FL455,FL,455,screened porch 
FL455,FL,455,screened-in porch 
FL455,FL,455,sun room 
FL455,FL,455,dv
FL456,FL,456,screened-in porch 
FL457,FL,457,balcony 
FL457,FL,457,screened-in porch 
FL457,FL,457,dv
FL458,FL,458,back porch 
FL458,FL,458,gallery 
FL458,FL,458,steps 
FL459,FL,459,L-shaped porch 
FL459,FL,459,screened-in porch 
FL460,FL,460,gallery 
FL460,FL,460,screened porch 
FL461,FL,461,back porch 
FL461,FL,461,screened porch 
FL461,FL,461,screened-in porch 
FL462,FL,462,gallery 
FL462,FL,462,L-shaped porch 
FL462,FL,462,screened porch 
FL462,FL,462,screened-in porch 
FL462,FL,462,dt
FL463,FL,463,-
FL464,FL,464,L-shaped porch 
FL464,FL,464,screened-in porch 
FL465,FL,465,back porch 
FL465,FL,465,screened-in porch 
FL466,FL,466,back porch 
FL466,FL,466,gallery 
FL466,FL,466,L-shaped porch 
FL466,FL,466,screened porch 
FL467,FL,467,back porch 
FL467,FL,467,gallery 
FL467,FL,467,dv
FL468,FL,468,back porch 
FL468,FL,468,gallery 
FL468,FL,468,L-shaped porch 
FL469,FL,469,back porch 
FL469,FL,469,gallery 
FL469,FL,469,L-shaped porch 
FL469,FL,469,screened-in porch 
FL470,FL,470,screened-in porch 
FL471,FL,471,L-shaped porch 
FL471,FL,471,screened-in porch 
AL472,AL,472,gallery 
AL472,AL,472,L-shaped porch 
AL472,AL,472,screened-in porch 
AL473,AL,473,L-shaped porch 
AL473,AL,473,piazza 
AL473,AL,473,screened-in porch 
AL474,AL,474,balcony 
AL474,AL,474,double gallery 
AL474,AL,474,screened-in porch 
AL475,AL,475,L-shaped porch 
AL475,AL,475,screened porch 
AL475,AL,475,screened-in porch 
AL475,AL,475,screened-in side porch 
AL475,AL,475,walk-out porch 
AL475,AL,475,dv
AL476,AL,476,L-shaped porch 
AL476,AL,476,screened-in porch 
AL476,AL,476,walk-out porch 
AL476,AL,476,dk
AL477,AL,477,back porch 
AL477,AL,477,gallery 
AL478,AL,478,back porch 
AL478,AL,478,gallery 
AL478,AL,478,screened-in porch 
AL478,AL,478,side porch 
AL479,AL,479,back porch 
AL479,AL,479,balcony 
AL479,AL,479,gallery 
AL479,AL,479,L-shaped porch 
AL480,AL,480,back gallery 
AL480,AL,480,Galerie (G) 
AL480,AL,480,L-shaped porch 
AL480,AL,480,screened-in porch 
AL480,AL,480,walk-out porch 
AL481,AL,481,back porch 
AL481,AL,481,balcony 
AL481,AL,481,gallery 
AL482,AL,482,back gallery 
AL482,AL,482,balcony 
AL482,AL,482,L-shaped porch 
AL482,AL,482,dv
AL483,AL,483,balcony 
AL483,AL,483,L-shaped porch 
AL483,AL,483,screened-in porch 
AL483,AL,483,steps 
AL484,AL,484,balcony 
AL484,AL,484,L-shaped porch 
AL484,AL,484,screened-in porch 
AL484,AL,484,walk-out porch 
AL485,AL,485,L-shaped porch 
AL485,AL,485,screened-in porch 
AL485,AL,485,screened-in room 
AL485,AL,485,walk-out porch 
TN486,TN,486,gallery 
TN486,TN,486,screened-in porch 
TN487,TN,487,screened-in porch 
TN487,TN,487,walk-out porch 
TN488,TN,488,back porch 
TN488,TN,488,gallery 
TN489,TN,489,screened-in porch 
TN489,TN,489,wraparound porch 
TN490,TN,490,balcony 
TN490,TN,490,L-shaped porch 
TN490,TN,490,screened-in porch 
TN490,TN,490,wraparound porch 
TN490,TN,490,dv
TN491,TN,491,back porch 
TN491,TN,491,screened-in porch 
TN492,TN,492,front shed 
TN492,TN,492,screened-in porch 
TN493,TN,493,screened-in porch 
TN494,TN,494,screened-in porch 
TN495,TN,495,L-shaped porch 
TN495,TN,495,screened-in porch 
TN495,TN,495,dv
TN496,TN,496,balcony 
TN496,TN,496,L-shaped porch 
TN496,TN,496,screened-in porch 
TN497,TN,497,back porch 
TN498,TN,498,back porch 
TN498,TN,498,balcony 
TN498,TN,498,flat porch 
TN498,TN,498,screened-in porch 
TN498,TN,498,walk-out porch 
TN499,TN,499,back porch 
TN499,TN,499,balcony 
TN499,TN,499,screened-in porch 
TN500,TN,500,screened-in porch 
TN501,TN,501,balcony 
TN501,TN,501,screened-in porch 
TN502,TN,502,back porch 
TN502,TN,502,screened-in porch 
TN503,TN,503,screened-in porch 
TN503,TN,503,walk-out porch 
TN504,TN,504,back porch 
TN504,TN,504,balcony 
TN504,TN,504,gallery 
TN504,TN,504,dg
TN505,TN,505,back porch 
TN505,TN,505,screened-in porch 
TN506,TN,506,back porch 
TN506,TN,506,gallery 
TN506,TN,506,L-shaped porch 
TN506,TN,506,screened-in side porch 
TN507,TN,507,back porch 
TN507,TN,507,gallery 
TN507,TN,507,screened-in porch 
TN507,TN,507,walk-out porch 
TN508,TN,508,-
TN509,TN,509,gallery 
TN509,TN,509,screened-in porch 
TN509,TN,509,wraparound porch 
TN510,TN,510,back porch 
TN510,TN,510,screened-in porch 
TN511,TN,511,gallery 
TN511,TN,511,wraparound porch 
TN512,TN,512,back porch 
TN512,TN,512,screened-in porch 
TN513,TN,513,back porch 
TN513,TN,513,balcony 
TN513,TN,513,screened-in porch 
TN514,TN,514,back porch 
TN514,TN,514,gallery 
TN515,TN,515,balcony 
TN515,TN,515,circle porch 
TN515,TN,515,porch-like 
TN515,TN,515,screened-in porch 
TN516,TN,516,balcony 
TN516,TN,516,screened-in porch 
TN517,TN,517,back porch 
TN518,TN,518,screened-in porch 
TN519,TN,519,gallery 
TN519,TN,519,screened-in porch 
TN519,TN,519,shed 
TN519,TN,519,dj
MS520,MS,520,front shed 
MS520,MS,520,screened-in porch 
MS521,MS,521,gallery 
MS521,MS,521,screened-in porch 
MS521,MS,521,walk-out porch 
MS522,MS,522,balcony 
MS522,MS,522,screened-in porch 
MS522,MS,522,steps 
MS523,MS,523,back porch 
MS523,MS,523,balcony 
MS523,MS,523,screened-in porch 
MS524,MS,524,back porch 
MS524,MS,524,gallery 
MS524,MS,524,widow's perch 
MS525,MS,525,back porch 
MS525,MS,525,gallery 
MS525,MS,525,screened-in porch 
MS526,MS,526,L-shaped porch 
MS526,MS,526,screened-in porch 
MS526,MS,526,walk-out porch 
MS527,MS,527,back porch 
MS527,MS,527,gallery 
MS527,MS,527,rain porch 
MS527,MS,527,screened-in porch 
MS527,MS,527,upstairs piazza 
MS527,MS,527,walk-out porch 
MS527,MS,527,dt
MS528,MS,528,0
MS529,MS,529,back porch 
MS529,MS,529,gallery 
MS529,MS,529,walk-out porch 
MS530,MS,530,screened-in porch 
MS531,MS,531,gallery 
MS531,MS,531,screened-in porch 
MS532,MS,532,screened-in porch 
MS532,MS,532,steps 
MS533,MS,533,screened-in porch 
MS534,MS,534,gallery 
MS534,MS,534,screened porch 
MS534,MS,534,steps 
MS535,MS,535,back porch 
MS535,MS,535,L-shaped porch 
MS535,MS,535,screened-in porch 
MS535,MS,535,dv
MS536,MS,536,-
MS537,MS,537,-
MS538,MS,538,screened-in porch 
MS539,MS,539,back porch 
MS539,MS,539,screened-in porch 
MS540,MS,540,screened-in porch 
MS540,MS,540,steps 
MS541,MS,541,gallery 
MS541,MS,541,sit-out 
MS541,MS,541,wraparound porch 
MS542,MS,542,screened-in porch 
MS543,MS,543,screened-in porch 
MS543,MS,543,walk-out porch 
MS544,MS,544,back porch 
MS544,MS,544,gallery 
MS544,MS,544,screened-in porch 
MS544,MS,544,dh
MS545,MS,545,back porch 
MS545,MS,545,gallery 
MS545,MS,545,screened-in porch 
MS545,MS,545,walk-out porch 
MS546,MS,546,gallery 
MS546,MS,546,screened-in porch 
MS546,MS,546,dt
MS547,MS,547,balcony 
MS547,MS,547,gallery 
MS548,MS,548,L-shaped porch 
MS548,MS,548,screened-in porch 
MS549,MS,549,back porch 
MS549,MS,549,gallery 
MS549,MS,549,L-shaped porch 
MS549,MS,549,screened-in porch 
MS550,MS,550,screened-in porch 
MS551,MS,551,back gallery 
MS551,MS,551,back porch 
MS551,MS,551,gallery 
MS551,MS,551,L-shaped porch 
MS551,MS,551,screened-in porch 
MS552,MS,552,back porch 
MS552,MS,552,gallery 
MS552,MS,552,suspended porch 
MS553,MS,553,gallery 
MS553,MS,553,screened-in porch 
MS553,MS,553,side gallery 
MS554,MS,554,back porch 
MS554,MS,554,screened-in porch 
MS555,MS,555,L-shaped porch 
MS555,MS,555,screened-in porch 
MS556,MS,556,back porch 
MS556,MS,556,front shed 
MS556,MS,556,screened-in porch 
MS557,MS,557,back porch 
MS557,MS,557,gallery 
MS557,MS,557,screened-in porch 
MS558,MS,558,gallery 
MS558,MS,558,screened back porch 
MS558,MS,558,screened-in porch 
MS558,MS,558,widow's perch 
MS559,MS,559,back porch 
MS559,MS,559,screened-in porch 
MS560,MS,560,back porch 
MS560,MS,560,gallery 
MS561,MS,561,screened-in porch 
MS562,MS,562,back porch 
MS562,MS,562,gallery 
MS562,MS,562,L-shaped porch 
MS562,MS,562,side gallery 
MS563,MS,563,L-shaped porch 
MS563,MS,563,screened-in porch 
MS564,MS,564,screened-in porch 
MS564,MS,564,dv
MS565,MS,565,back porch 
MS565,MS,565,L-shaped porch 
MS565,MS,565,screened-in porch 
MS566,MS,566,L-shaped porch 
MS566,MS,566,screened-in porch 
MS567,MS,567,entrance porch way 
MS567,MS,567,gallery 
MS567,MS,567,screened-in porch 
MS567,MS,567,dz
MS568,MS,568,-
MS569,MS,569,back porch 
MS569,MS,569,gallery 
MS569,MS,569,L-shaped porch 
MS569,MS,569,screened-in porch 
MS570,MS,570,gallery 
MS570,MS,570,L-shaped porch 
MS570,MS,570,screened-in porch 
MS570,MS,570,widow's walk 
MS571,MS,571,back porch 
MS571,MS,571,screened-in porch 
MS572,MS,572,gallery 
MS572,MS,572,screened-in porch 
MS573,MS,573,L-shaped porch 
MS573,MS,573,screened-in porch 
MS574,MS,574,screened-in porch 
MS574,MS,574,shed porch 
MS574,MS,574,steps 
MS574,MS,574,well porch 
MS575,MS,575,Galerie (G) 
MS575,MS,575,L-shaped porch 
MS575,MS,575,screened-in porch 
MS576,MS,576,gallery 
MS576,MS,576,L-shaped porch 
MS576,MS,576,wraparound porch 
MS577,MS,577,-
MS578,MS,578,L-shaped porch 
MS578,MS,578,screened-in porch 
MS579,MS,579,back porch 
MS579,MS,579,L-shaped porch 
MS579,MS,579,screened-in porch 
MS580,MS,580,back porch 
MS580,MS,580,L-shaped porch 
MS580,MS,580,screened-in porch 
MS581,MS,581,porch 
MS581,MS,581,screened-in porch 
MS581,MS,581,upstairs balcony 
MS582,MS,582,L-shaped porch 
MS583,MS,583,L-shaped porch 
MS583,MS,583,screened-in porch 
MS584,MS,584,gallery 
MS584,MS,584,L-shaped porch 
MS585,MS,585,screened-in porch 
MS586,MS,586,gallery 
MS587,MS,587,back porch 
MS587,MS,587,L-shaped porch 
MS587,MS,587,screened-in porch 
MS588,MS,588,back porch 
MS588,MS,588,gallery 
MS588,MS,588,screened-in porch 
MS589,MS,589,screened-in porch 
MS590,MS,590,back porch 
MS590,MS,590,gallery 
MS590,MS,590,shed 
MS590,MS,590,side gallery 
MS590,MS,590,walk-out porch 
MS591,MS,591,back porch 
MS591,MS,591,balcony 
MS591,MS,591,screened-in porch 
MS591,MS,591,Southern-style porch 
MS592,MS,592,back porch 
MS592,MS,592,lean-to 
MS592,MS,592,screened-in porch 
MS592,MS,592,side gallery 
MS592,MS,592,wraparound porch 
MS593,MS,593,L-shaped porch 
MS593,MS,593,screened-in porch 
MS594,MS,594,L-shaped porch 
MS594,MS,594,screened-in porch 
MS595,MS,595,L-shaped porch 
MS595,MS,595,screened-in porch 
MS596,MS,596,L-shaped porch 
MS596,MS,596,screened-in porch 
MS597,MS,597,back gallery 
MS597,MS,597,Galerie (G) 
MS597,MS,597,gallery 
MS597,MS,597,L-shaped porch 
MS597,MS,597,screened-in porch 
MS598,MS,598,back porch 
MS598,MS,598,gallery 
MS598,MS,598,L-shaped porch 
MS598,MS,598,shed porch 
MS599,MS,599,back porch 
MS599,MS,599,balcony 
MS599,MS,599,gallery 
MS599,MS,599,screened-in porch 
MS599,MS,599,steps 
MS599,MS,599,dv
MS600,MS,600,back porch 
MS600,MS,600,screened-in porch 
MS601,MS,601,balcony 
MS601,MS,601,screened-in porch 
MS601,MS,601,screened-in side porch 
MS602,MS,602,screened-in porch 
MS603,MS,603,screened-in porch 
MS604,MS,604,L-shaped porch 
MS604,MS,604,screened porch 
MS604,MS,604,screened-in porch 
MS605,MS,605,back porch 
MS605,MS,605,gallery 
MS605,MS,605,L-shaped porch 
MS605,MS,605,upper gallery 
MS606,MS,606,back porch 
MS606,MS,606,gallery 
MS606,MS,606,L-shaped porch 
MS606,MS,606,screened-in porch 
MS607,MS,607,back porch 
MS607,MS,607,gallery 
MS607,MS,607,L-shaped porch 
MS607,MS,607,screened-in porch 
MS608,MS,608,back porch 
MS608,MS,608,gallery 
MS608,MS,608,L-shaped porch 
MS608,MS,608,screened-in porch 
MS609,MS,609,back porch 
MS609,MS,609,L-shaped porch 
MS610,MS,610,back porch 
MS610,MS,610,country-farmhouse porch 
MS610,MS,610,L-shaped porch 
MS610,MS,610,screened-in porch 
MS610,MS,610,wraparound porch 
MS610,MS,610,dt
MS611,MS,611,L-shaped porch 
MS611,MS,611,porch 
MS611,MS,611,screened-in porch 
MS612,MS,612,back porch 
MS612,MS,612,gallery 
MS612,MS,612,L-shaped porch 
MS612,MS,612,screened-in porch 
MS613,MS,613,balcony 
MS613,MS,613,Southern-style porch 
MS613,MS,613,dl
MS613,MS,613,dm
MS614,MS,614,screened-in porch 
MS614,MS,614,side gallery 
MS615,MS,615,L-shaped porch 
MS616,MS,616,back porch 
MS616,MS,616,gallery 
MS616,MS,616,screened-in porch 
MS616,MS,616,second-floor porch 
MS617,MS,617,back porch 
MS617,MS,617,gallery 
MS618,MS,618,back porch 
MS618,MS,618,gallery 
MS619,MS,619,gallery 
MS620,MS,620,gallery 
MS620,MS,620,landing 
MS621,MS,621,screened-in porch 
MS622,MS,622,gallery 
MS622,MS,622,dv
MS623,MS,623,back porch 
MS623,MS,623,gallery 
MS623,MS,623,L-shaped porch 
MS623,MS,623,screened-in porch 
MS623,MS,623,side gallery 
MS623,MS,623,dv
MS624,MS,624,gallery 
MS624,MS,624,screened-in porch 
MS625,MS,625,back porch 
MS625,MS,625,gallery 
MS625,MS,625,screened-in porch 
MS626,MS,626,screened-in porch 
MS627,MS,627,L-shaped porch 
MS628,MS,628,back porch 
MS628,MS,628,gallery 
MS628,MS,628,L-shaped porch 
MS629,MS,629,screened-in porch 
MS629,MS,629,second-story porch 
MS629,MS,629,wraparound porch 
LA630,LA,630,screened-in porch 
LA630,LA,630,side gallery 
LA631,LA,631,back porch 
LA631,LA,631,gallery 
LA632,LA,632,screened-in porch 
LA633,LA,633,gallery 
LA634,LA,634,back porch 
LA634,LA,634,gallery 
LA634,LA,634,L-shaped porch 
LA635,LA,635,L-shaped porch 
LA635,LA,635,screened-in porch 
LA635,LA,635,dv
LA636,LA,636,gallery 
LA636,LA,636,screened-in porch 
LA637,LA,637,back porch 
LA637,LA,637,screened-in porch 
LA638,LA,638,back porch 
LA638,LA,638,gallery 
LA638,LA,638,screened-in porch 
LA639,LA,639,L-shaped porch 
LA639,LA,639,screened-in porch 
LA640,LA,640,L-shaped porch 
LA640,LA,640,screened-in porch 
LA641,LA,641,L-shaped porch 
LA641,LA,641,lean-to porch 
LA641,LA,641,screened-in porch 
LA642,LA,642,back porch 
LA642,LA,642,screened-in porch 
LA643,LA,643,L-shaped porch 
LA643,LA,643,screened-in porch 
LA643,LA,643,two-story porch 
LA643,LA,643,wraparound porch 
LA644,LA,644,gallery 
LA645,LA,645,back porch 
LA645,LA,645,balcony 
LA645,LA,645,gallery 
LA645,LA,645,screened-in porch 
LA645,LA,645,side gallery 
LA645,LA,645,dv
LA646,LA,646,back porch 
LA646,LA,646,gallery 
LA646,LA,646,L-shaped porch 
LA646,LA,646,screened-in porch 
LA646,LA,646,up-and-down back porch 
LA647,LA,647,L-shaped porch 
LA647,LA,647,screened-in porch 
LA648,LA,648,gallery 
LA648,LA,648,L-shaped porch 
LA648,LA,648,screened-in porch 
LA649,LA,649,dv
LA650,LA,650,L-shaped porch 
LA650,LA,650,screened-in porch 
LA651,LA,651,-
LA652,LA,652,L-shaped porch 
LA652,LA,652,screened-in porch 
LA653,LA,653,-
LA654,LA,654,balcony 
LA654,LA,654,screened-in porch 
LA655,LA,655,balcony 
LA655,LA,655,L-shaped porch 
LA655,LA,655,screened-in porch 
LA655,LA,655,dv
LA656,LA,656,screened-in porch 
LA656,LA,656,dv
LA657,LA,657,back porch 
LA657,LA,657,gallery 
LA657,LA,657,L-shaped porch 
LA657,LA,657,upstairs balcony 
LA657,LA,657,upstairs floor 
LA657X,LA,657X,back gallery 
LA657X,LA,657X,Galerie (G) 
LA657Y,LA,657Y,Galerie (G) 
LA657Y,LA,657Y,L-shaped porch 
LA657Y,LA,657Y,screened-in porch 
LA657Y,LA,657Y,sun parlor 
LA657Y,LA,657Y,dv
LA657Z,LA,657Z,balcon (F) 
LA657Z,LA,657Z,hip-roof porch 
LA657Z,LA,657Z,walk-out porch 
LA658,LA,658,screened-in porch 
LA659,LA,659,side gallery 
LA659,LA,659,widow's perch 
LA660,LA,660,L-shaped porch 
LA660,LA,660,screened-in porch 
LA661,LA,661,hip-roof porch 
LA661,LA,661,screened-in porch 
LA662,LA,662,L-shaped porch 
LA662,LA,662,screened-in porch 
LA662,LA,662,wraparound porch 
LA662,LA,662,dv
LA663,LA,663,gallery 
LA663,LA,663,screened-in porch 
LA664,LA,664,back porch 
LA664,LA,664,gallery 
LA664,LA,664,screened-in porch 
LA665,LA,665,-
LA666,LA,666,gallery 
LA666,LA,666,screened-in porch 
LA666,LA,666,up-and-down back porch 
LA667,LA,667,L-shaped porch 
LA667,LA,667,screened-in porch 
LA668,LA,668,back porch 
LA668,LA,668,gallery 
LA668,LA,668,L-shaped porch 
LA668,LA,668,screened-in porch 
LA669,LA,669,L-shaped porch 
LA669,LA,669,screened-in porch 
LA670,LA,670,back porch 
LA670,LA,670,gallery 
LA670,LA,670,screened-in porch 
LA671,LA,671,L-shaped porch 
LA671,LA,671,screened-in porch 
LA672,LA,672,screened-in porch 
LA673,LA,673,back porch 
LA673,LA,673,Galerie (G) 
LA673,LA,673,L-shaped porch 
LA673,LA,673,screened-in porch 
AR674,AR,674,screened-in porch 
AR675,AR,675,back porch 
AR675,AR,675,gallery 
AR675,AR,675,steps 
AR676,AR,676,screened-in porch 
AR677,AR,677,back porch 
AR677,AR,677,gallery 
AR677,AR,677,screened-in porch 
AR678,AR,678,screened-in porch 
AR679,AR,679,screened-in porch 
AR679,AR,679,side gallery 
AR680,AR,680,gallery 
AR680,AR,680,screened back porch 
AR680,AR,680,steps 
AR681,AR,681,back porch 
AR681,AR,681,entrance 
AR681,AR,681,gallery 
AR682,AR,682,balcony 
AR682,AR,682,screened-in porch 
AR682,AR,682,widow's perch 
AR683,AR,683,screened-in porch 
AR683,AR,683,steps 
AR684,AR,684,back porch 
AR684,AR,684,gallery 
AR684,AR,684,screened-in porch 
AR685,AR,685,back porch 
AR685,AR,685,screened-in porch 
AR685,AR,685,sun room 
AR685,AR,685,dy
AR686,AR,686,screened-in porch 
AR687,AR,687,gallery 
AR688,AR,688,screened-in porch 
AR689,AR,689,screened-in porch 
AR690,AR,690,back porch 
AR690,AR,690,gallery 
AR691,AR,691,back porch 
AR691,AR,691,screened-in porch 
AR692,AR,692,gallery 
AR692,AR,692,screened-in porch 
AR693,AR,693,screened-in porch 
AR694,AR,694,back porch 
AR695,AR,695,back porch 
AR695,AR,695,gallery 
AR695,AR,695,screened-in porch 
AR695,AR,695,upstairs balcony 
AR696,AR,696,back porch 
AR696,AR,696,gallery 
AR697,AR,697,screened-in porch 
AR698,AR,698,back porch 
AR698,AR,698,gallery 
AR698,AR,698,screened-in porch 
AR698,AR,698,side gallery 
AR699,AR,699,balcony 
AR699,AR,699,screened-in porch 
AR700,AR,700,gallery 
AR701,AR,701,screened-in porch 
AR702,AR,702,back porch 
AR702,AR,702,gallery 
AR703,AR,703,back porch 
AR703,AR,703,gallery 
AR703,AR,703,dy
AR704,AR,704,screened-in porch 
AR704,AR,704,side gallery 
AR705,AR,705,back porch 
AR705,AR,705,gallery 
AR705,AR,705,walk-out porch 
AR705,AR,705,dv
AR706,AR,706,-
AR707,AR,707,back porch 
AR707,AR,707,screened-in porch 
AR708,AR,708,back porch 
AR708,AR,708,screened-in porch 
AR709,AR,709,back porch 
AR709,AR,709,gallery 
AR710,AR,710,screened-in porch 
AR711,AR,711,back porch 
AR711,AR,711,gallery 
AR711,AR,711,screened-in porch 
AR711,AR,711,walk-out porch 
AR712,AR,712,back porch 
AR712,AR,712,balcony 
AR712,AR,712,gallery 
AR712,AR,712,screened-in porch 
AR713,AR,713,back porch 
AR713,AR,713,gallery 
AR714,AR,714,back porch 
AR714,AR,714,balcony 
AR714,AR,714,screened-in porch 
AR714,AR,714,upstairs balcony 
AR715,AR,715,screened-in porch 
AR716,AR,716,screened-in porch 
AR717,AR,717,screened-in porch 
AR718,AR,718,balcony 
AR718,AR,718,dt
AR719,AR,719,balcony 
AR719,AR,719,screened-in porch 
AR719,AR,719,screened-in side porch 
AR719,AR,719,steps 
AR720,AR,720,screened-in porch 
AR721,AR,721,back porch 
AR721,AR,721,screened-in porch 
AR721,AR,721,walk-out porch 
AR721,AR,721,dv
AR722,AR,722,screened-in porch 
AR723,AR,723,screened-in porch 
AR724,AR,724,-
AR725,AR,725,balcony 
AR725,AR,725,gallery 
AR725,AR,725,screened-in porch 
AR725,AR,725,sun porch 
AR725,AR,725,walk-out porch 
AR725,AR,725,dt
AR726,AR,726,screened-in porch 
AR727,AR,727,gallery 
AR727,AR,727,screened-in porch 
AR728,AR,728,-
AR729,AR,729,gallery 
AR729,AR,729,L-shaped porch 
AR730,AR,730,balcony 
AR730,AR,730,gallery 
AR730,AR,730,walk-out porch 
AR730,AR,730,dv
AR731,AR,731,back porch 
AR731,AR,731,screened-in porch 
AR731,AR,731,upstairs balcony 
AR732,AR,732,double porch 
AR732,AR,732,screened-in porch 
AR733,AR,733,back porch 
AR734,AR,734,-
AR735,AR,735,screened-in porch 
AR735,AR,735,walk-out porch 
AR736,AR,736,gallery 
AR736,AR,736,L-shaped porch 
AR736,AR,736,screened-in porch 
AR737,AR,737,back porch 
AR737,AR,737,gallery 
AR737,AR,737,screened-in porch 
AR738,AR,738,back porch 
AR738,AR,738,gallery 
AR739,AR,739,balcony 
AR739,AR,739,screened-in porch 
AR740,AR,740,back porch 
AR740,AR,740,gallery 
AR740,AR,740,screened-in porch 
AR741,AR,741,balcony 
AR741,AR,741,screened-in porch 
AR741,AR,741,walk-out porch 
AR741,AR,741,dv
AR742,AR,742,back porch 
AR742,AR,742,balcony 
AR742,AR,742,L-shaped porch 
AR743,AR,743,deck 
AR743,AR,743,gallery 
AR743,AR,743,L-shaped porch 
AR743,AR,743,screened-in porch 
AR744,AR,744,back porch 
AR744,AR,744,gallery 
AR744,AR,744,walk-out porch 
AR745,AR,745,back porch 
AR745,AR,745,L-shaped porch 
AR746,AR,746,gallery 
AR746,AR,746,L-shaped porch 
AR746,AR,746,screened-in porch 
AR746,AR,746,Southern-style porch 
AR747,AR,747,balcony 
AR747,AR,747,L-shaped porch 
AR747,AR,747,di
AR748,AR,748,back porch 
AR749,AR,749,back porch 
AR749,AR,749,screened-in porch 
AR749,AR,749,L-shaped porch 
AR750,AR,750,back porch 
AR751,AR,751,back porch 
AR751,AR,751,screened-in porch 
AR752,AR,752,screened-in porch 
AR752,AR,752,Southern-style porch 
AR753,AR,753,back porch 
AR753,AR,753,gallery 
AR753,AR,753,screened-in porch 
AR753,AR,753,side gallery 
AR753,AR,753,up-and-down back porch 
AR753,AR,753,wraparound porch 
AR753,AR,753,dv
AR754,AR,754,L-shaped porch 
AR754,AR,754,screened-in porch 
AR755,AR,755,back porch 
AR755,AR,755,gallery 
LA756,LA,756,L-shaped porch 
LA756,LA,756,screened-in porch 
LA757,LA,757,L-shaped porch 
LA757,LA,757,screened-in porch 
LA758,LA,758,back porch 
LA758,LA,758,gallery 
LA758,LA,758,L-shaped porch 
LA758,LA,758,screened-in porch 
LA759,LA,759,screened-in porch 
LA760,LA,760,screened-in porch 
LA761,LA,761,L-shaped porch 
LA761,LA,761,screened-in porch 
LA762,LA,762,gallery 
LA762,LA,762,L-shaped porch 
LA762,LA,762,screened-in porch 
LA763,LA,763,back porch 
LA763,LA,763,gallery 
LA763,LA,763,L-shaped porch 
LA763,LA,763,screened-in porch 
LA764,LA,764,galerie (F) 
LA764,LA,764,L-shaped porch 
LA764,LA,764,side gallery 
LA764,LA,764,up-and-down front porch 
LA765,LA,765,back porch 
LA765,LA,765,gallery 
LA765,LA,765,screened-in porch 
LA765,LA,765,walk-out porch 
LA766,LA,766,L-shaped porch 
LA766,LA,766,screened-in porch 
LA767,LA,767,gallery 
LA767,LA,767,L-shaped porch 
LA767,LA,767,dv
LA768,LA,768,-
LA769,LA,769,landing 
LA769,LA,769,Southern-style porch 
LA769,LA,769,step-down 
LA770,LA,770,L-shaped porch 
LA770,LA,770,screened-in porch 
LA771,LA,771,screened-in porch 
LA772,LA,772,gallery 
LA772,LA,772,screened-in porch 
LA772,LA,772,utility porch 
LA773,LA,773,back porch 
LA774,LA,774,L-shaped porch 
LA774,LA,774,screened-in porch 
LA775,LA,775,back porch 
LA775,LA,775,L-shaped porch 
LA775,LA,775,screened-in porch 
LA776,LA,776,balcony 
LA776,LA,776,gallery 
LA776,LA,776,upstairs balcony 
LA776,LA,776,walk-out porch 
LA777,LA,777,gallery 
LA777,LA,777,screened-in porch 
LA778,LA,778,gallery 
LA778,LA,778,L-shaped porch 
LA778,LA,778,upstairs balcony 
LA779,LA,779,screened-in porch 
LA780,LA,780,L-shaped porch 
LA780,LA,780,screened-in porch 
LA780,LA,780,side gallery 
LA780,LA,780,dv
LA781,LA,781,back porch 
LA782,LA,782,L-shaped porch 
LA782,LA,782,screened-in porch 
LA783,LA,783,gallery 
LA783,LA,783,L-shaped porch 
LA783,LA,783,screened-in porch 
LA784,LA,784,L-shaped porch 
LA784,LA,784,screened-in porch 
LA785,LA,785,screened-in porch 
LA786,LA,786,L-shaped porch 
LA786,LA,786,screened-in porch 
LA787,LA,787,gallery 
LA787,LA,787,screened-in porch 
LA788,LA,788,back porch 
LA788,LA,788,L-shaped porch 
LA788,LA,788,screened-in porch 
LA789,LA,789,back porch 
LA789,LA,789,gallery 
LA789,LA,789,L-shaped porch 
LA789,LA,789,screened-in porch 
LA790,LA,790,gallery 
LA790,LA,790,L-shaped porch 
LA791,LA,791,back porch 
LA791,LA,791,gallery 
LA792,LA,792,balcony 
LA792,LA,792,entrance porch 
LA792,LA,792,L-shaped porch 
LA792,LA,792,screened-in porch 
LA792,LA,792,dt
LA793,LA,793,screened-in porch 
LA794,LA,794,screened-in porch 
LA795,LA,795,L-shaped porch 
LA795,LA,795,screened-in porch 
LA796,LA,796,gallery 
LA796,LA,796,L-shaped porch 
LA796,LA,796,walk-out porch 
LA797,LA,797,screened-in porch 
LA798,LA,798,screened-in porch 
LA799,LA,799,-
LA800,LA,800,back porch 
LA800,LA,800,gallery 
LA800,LA,800,screened-in porch 
LA801,LA,801,screened-in porch 
LA802,LA,802,back porch 
LA802,LA,802,gallery 
LA802,LA,802,L-shaped porch 
LA802,LA,802,screened-in porch 
LA803,LA,803,Galerie (G) 
LA803,LA,803,gallery 
LA803,LA,803,screened-in porch 
LA804,LA,804,gallery 
LA805,LA,805,hip-roof porch 
LA805,LA,805,screened-in porch 
LA806,LA,806,circle porch 
LA806,LA,806,hip-roof porch 
LA806,LA,806,L-shaped porch 
LA807,LA,807,back porch 
LA807,LA,807,L-shaped porch 
LA807,LA,807,screened-in porch 
LA808,LA,808,gallery 
LA808,LA,808,hip-roof porch 
LA809,LA,809,gallery 
LA809,LA,809,hip-roof porch 
LA809,LA,809,L-shaped porch 
LA809,LA,809,screened-in porch 
LA810,LA,810,L-shaped porch 
LA810,LA,810,screened-in porch 
LA811,LA,811,lounge 
LA811,LA,811,screened-in porch 
LA811,LA,811,side gallery 
LA812,LA,812,L-shaped porch 
LA812,LA,812,screened-in porch 
LA813,LA,813,L-shaped porch 
LA813,LA,813,screened-in porch 
LA814,LA,814,hip-roof porch 
LA814,LA,814,screened-in porch 
LA814,LA,814,upstairs balcony 
LA815,LA,815,L-shaped porch 
LA815,LA,815,screened-in porch 
LA816,LA,816,L-shaped porch 
LA816,LA,816,screened-in porch 
LA817,LA,817,screened-in porch 
LA817,LA,817,dt
TX818,TX,818,-
TX819,TX,819,screened-in porch 
TX820,TX,820,back porch 
TX820,TX,820,screened-in porch 
TX820,TX,820,upstairs balcony 
TX821,TX,821,screened-in porch 
TX821,TX,821,upstairs balcony 
TX822,TX,822,back porch 
TX822,TX,822,gallery 
TX822,TX,822,upstairs balcony 
TX823,TX,823,L-shaped porch 
TX823,TX,823,screened-in porch 
TX824,TX,824,back porch 
TX824,TX,824,gallery 
TX824,TX,824,L-shaped porch 
TX824,TX,824,upstairs balcony 
TX824,TX,824,walk-out porch 
TX825,TX,825,back porch 
TX825,TX,825,L-shaped porch 
TX825,TX,825,screened-in porch 
TX826,TX,826,back porch 
TX826,TX,826,gallery 
TX826,TX,826,L-shaped porch 
TX827,TX,827,gallery 
TX827,TX,827,screened-in porch 
TX827,TX,827,du
TX828,TX,828,gallery 
TX828,TX,828,L-shaped porch 
TX828,TX,828,screened-in porch 
TX829,TX,829,back porch 
TX829,TX,829,L-shaped porch 
TX830,TX,830,gallery 
TX830,TX,830,screened-in porch 
TX831,TX,831,screened-in porch 
TX832,TX,832,back porch 
TX832,TX,832,entry 
TX832,TX,832,screened-in porch 
TX832,TX,832,dt
TX833,TX,833,back porch 
TX833,TX,833,balcony 
TX833,TX,833,screened-in porch 
TX833,TX,833,stoop 
TX834,TX,834,balcony 
TX834,TX,834,gallery 
TX834,TX,834,screened-in porch 
TX834,TX,834,side gallery 
TX834,TX,834,walk-out porch 
TX834,TX,834,ea
TX835,TX,835,L-shaped porch 
TX835,TX,835,screened-in porch 
TX835,TX,835,two-deck porch 
TX836,TX,836,L-shaped porch 
TX836,TX,836,screened-in porch 
TX836,TX,836,dv
TX837,TX,837,back porch 
TX837,TX,837,gallery 
TX837,TX,837,L-shaped porch 
TX837,TX,837,rain porch 
TX837,TX,837,upstairs piazza 
TX838,TX,838,entrance porch way 
TX838,TX,838,screened-in porch 
TX839,TX,839,screened-in porch 
TX840,TX,840,back porch 
TX840,TX,840,gallery 
TX840,TX,840,screened-in porch 
TX841,TX,841,screened-in porch 
TX842,TX,842,balcony 
TX842,TX,842,gallery 
TX842,TX,842,L-shaped porch 
TX842,TX,842,screened-in porch 
TX842,TX,842,steps 
TX843,TX,843,screened-in porch 
TX844,TX,844,screened-in porch 
TX844,TX,844,dt
TX845,TX,845,screened-in porch 
TX845,TX,845,di
TX846,TX,846,back porch 
TX846,TX,846,screened-in porch 
TX847,TX,847,back porch 
TX847,TX,847,balcony 
TX847,TX,847,gallery 
TX847,TX,847,L-shaped porch 
TX847,TX,847,screened-in porch 
TX847,TX,847,step-down 
TX847,TX,847,sun deck 
TX848,TX,848,back porch 
TX848,TX,848,front porch 
TX848,TX,848,gallery 
TX848,TX,848,screened-in porch 
TX848,TX,848,up-and-down back porch 
TX848,TX,848,dv
TX849,TX,849,screened porch 
TX849,TX,849,screened-in porch 
TX849,TX,849,dt
TX850,TX,850,balcony 
TX850,TX,850,screened-in porch 
TX851,TX,851,porch 
TX851,TX,851,screened-in porch 
TX851,TX,851,veranda 
TX852,TX,852,balcony 
TX852,TX,852,screened-in porch 
TX853,TX,853,back porch 
TX853,TX,853,balcony 
TX853,TX,853,gallery 
TX853,TX,853,screened-in porch 
TX854,TX,854,balcony 
TX854,TX,854,screened-in porch 
TX855,TX,855,ell porch 
TX855,TX,855,Galerie (G) 
TX855,TX,855,gallery 
TX855,TX,855,L-shaped porch 
TX855,TX,855,porch-type thing 
TX855,TX,855,screened-in porch 
TX855,TX,855,dn
TX855,TX,855,dv
TX856,TX,856,back porch 
TX856,TX,856,gallery 
TX856,TX,856,screened-in porch 
TX857,TX,857,back porch 
TX857,TX,857,gallery 
TX857,TX,857,screened-in porch 
TX858,TX,858,back porch 
TX858,TX,858,balcony 
TX858,TX,858,door porch 
TX858,TX,858,gallery 
TX858,TX,858,L-shaped porch 
TX858,TX,858,screened-in porch 
TX858,TX,858,upstairs balcony 
TX858,TX,858,eb
TX859,TX,859,back porch 
TX859,TX,859,circle porch 
TX859,TX,859,gallery 
TX859,TX,859,screened-in porch 
TX860,TX,860,gallery 
TX860,TX,860,L-shaped porch 
TX860,TX,860,screened-in porch 
TX861,TX,861,back porch 
TX861,TX,861,gallery 
TX861,TX,861,upstairs balcony 
TX861,TX,861,dv
TX862,TX,862,gallery 
TX863,TX,863,L-shaped porch 
TX863,TX,863,screened-in porch 
TX863,TX,863,upstairs balcony 
TX863,TX,863,dv
TX864,TX,864,L-shaped porch 
TX864,TX,864,screened-in porch 
TX865,TX,865,L-shaped porch 
TX865,TX,865,screened-in porch 
TX866,TX,866,screened-in porch 
TX867,TX,867,balcony 
TX868,TX,868,-
TX869,TX,869,back porch 
TX869,TX,869,Galerie (G) 
TX869,TX,869,gallery 
TX869,TX,869,L-shaped porch 
TX870,TX,870,balcony 
TX870,TX,870,double gallery 
TX870,TX,870,L-shaped porch 
TX870,TX,870,side gallery 
TX870,TX,870,upstairs floor 
TX870,TX,870,wraparound porch 
TX870,TX,870,dk
TX871,TX,871,L-shaped porch 
TX871,TX,871,screened-in porch 
TX872,TX,872,L-shaped porch 
TX872,TX,872,screened-in porch 
TX873,TX,873,gallery 
TX873,TX,873,L-shaped porch 
TX874,TX,874,L-shaped porch 
TX874,TX,874,screened-in porch 
TX874,TX,874,side gallery 
TX875,TX,875,kitchen porch 
TX875,TX,875,L-shaped porch 
TX875,TX,875,rear porch 
TX875,TX,875,screened-in porch 
TX876,TX,876,back porch 
TX876,TX,876,gallery 
TX876,TX,876,steps 
TX877,TX,877,-
TX878,TX,878,gallery 
TX878,TX,878,L-shaped porch 
TX879,TX,879,L-shaped porch 
TX879,TX,879,screened-in porch 
TX880,TX,880,gallery 
TX880,TX,880,L-shaped porch 
TX880,TX,880,screened-in side porch 
TX880,TX,880,dv
TX881,TX,881,-
TX882,TX,882,back porch 
TX882,TX,882,gallery 
TX882,TX,882,open porch 
TX882,TX,882,screened-in porch 
TX883,TX,883,gallery 
TX883,TX,883,screened-in porch 
TX883,TX,883,steps 
TX884,TX,884,back gallery 
TX884,TX,884,back porch 
TX884,TX,884,L-shaped porch 
TX884,TX,884,screened-in porch 
TX885,TX,885,screened-in porch 
TX886,TX,886,back porch 
TX886,TX,886,up-and-down back porch 
TX887,TX,887,back porch 
TX887,TX,887,L-shaped porch 
TX887,TX,887,screened-in porch 
TX888,TX,888,screened-in porch 
TX889,TX,889,entry 
TX889,TX,889,screened-in porch 
TX889,TX,889,dt
TX890,TX,890,back porch 
TX890,TX,890,balcony 
TX890,TX,890,L-shaped porch 
TX890,TX,890,screened-in porch 
TX891,TX,891,back porch 
TX891,TX,891,circle porch 
TX891,TX,891,screened-in porch 
TX891,TX,891,upstairs balcony 
TX892,TX,892,back porch 
TX892,TX,892,entry 
TX892,TX,892,screened-in porch 
TX892,TX,892,side gallery 
TX892,TX,892,well porch 
TX893,TX,893,back porch 
TX893,TX,893,gallery 
TX893,TX,893,screened-in porch 
TX893,TX,893,side gallery 
TX893,TX,893,di
TX894,TX,894,L-shaped porch 
TX894,TX,894,screened-in porch 
TX895,TX,895,hangover 
TX895,TX,895,screened-in porch 
TX896,TX,896,screened-in porch 
TX896,TX,896,second-floor gallery 
TX896,TX,896,dv
TX897,TX,897,-
TX898,TX,898,dv
TX899,TX,899,balcony 
TX899,TX,899,gallery 
TX899,TX,899,screened-in porch 
TX899,TX,899,dv
TX900,TX,900,L-shaped porch 
TX901,TX,901,L-shaped porch 
TX901,TX,901,screened-in porch 
TX902,TX,902,balcony 
TX902,TX,902,gallery 
TX902,TX,902,screened-in porch 
TX902,TX,902,side porch 
TX902,TX,902,di
TX903,TX,903,gallery 
TX903,TX,903,L-shaped porch 
TX904,TX,904,L-shaped porch 
TX904,TX,904,dv
TX905,TX,905,screened-in porch 
TX905,TX,905,dv
TX906,TX,906,back porch 
TX906,TX,906,balcony 
TX906,TX,906,gallery 
TX907,TX,907,back porch 
TX907,TX,907,gallery 
TX907,TX,907,screened porch 
TX907,TX,907,dv
TX908,TX,908,back porch 
TX908,TX,908,gallery 
TX908,TX,908,screened-in porch 
TX908,TX,908,dv
TX909,TX,909,hangover 
TX909,TX,909,screened-in porch 
TX909,TX,909,di
TX910,TX,910,back porch 
TX910,TX,910,gallery 
TX910,TX,910,L-shaped porch 
TX910,TX,910,screened-in porch 
TX910,TX,910,dt
TX911,TX,911,screened-in porch 
TX911,TX,911,dv