Informant,porch 10.7,Comments,
NY1,piazza,,
NY1,porch,,
NY1,stoop,,
NY2A,piazza,,
NY2A,stoop,,
NY2B,porch,,
NY2B,veranda,,
NY2B,piazza,,
NY2B,stoop,,
NY2C,porch,,
NY2C,piazza,,
NY2C,stoop,,
NY2C,platform,,
NY2C,veranda,,
NY3A,stoop,,
NY3A,porch,,
NY3A,piazza,larger [than stoop],
NY3B,porch,,
NY3B,piazza,large,
NY3B,stoop,,
NY3C,porch,,
NY3C,stoop,,
NY3D,porch,,
NY3D,piazza,wider [than porch],
NY3D,stoop,small,
NY4A,stoop,,
NY4A,piazza,wide,
NY4B,porch,,
NY4B,stoop,,
NY4C,porch,,
NY4C,stoop,,
NY5A,stoop,never `porch',
NY5B,porch,,
NY5B,stoop,,
NY5C,stoop,,
NY5C,porch,wide,
NY5D,porch,,
NY5D,stoop,small,
NY5E,porch,,
NY5E,stoop,small,
NY5F,porch,,
NY5F,stoop,,
NY5G,porch,roof,
NY5G,stoop,small,
NY5H!,porch,,
NY5H!,piazza,,
NY5H!,stoop,small,
NY5I!,porch,,
NY5I!,stoop,"small, enclosed",
NY6A,porch,,
NY6A,stoop,,
NY6B,porch,,
NY7A,porch,wide,
NY7A,stoop,,
NY7B,stoop,,
NY7B,porch,wide,
NY7C,stoop,,
NY7C,porch,,
NY7D,stoop,,
NY7D,porch,,
NY7E,stoop,,
NY7E,veranda,wide,
NY7E,porch,wide,
NY7F,stoop,,
NY7F,porch,wide,
NY7G,stoop,,
NY7G,porch,wide,
NY7H,porch,,
NY7H,stoop,small,
NY7H,veranda,large,
NY7I,porch,,
NY7I,stoop,small,
NY7J!,stoop,,
NY7J!,piazza,"rare, wider [than stoop]",
NY7K!,stoop,,
NY7K!,porch,wider [than stoop],
NY7K!,piazza,,
NY7L!,stoop,"low, small",
NY7L!,porch,"rare, smallish",
NY7L!,piazza,,
NY7M!,stoop,small,
NY7M!,piazza,wide; traditional term until lately,
NY7M!,porch,,
NY8,porch,,
NY8,stoop,,
NY9A,porch,,
NY9A,stoop,,
NY9A,stoop,father [said],
NY9B,stoop,,
NY9B,piazza,larger [than stoop],
NY9C,piazza,,
NY9C,stoop,small,
NY10A,stoop,,
NY10A,porch,larger [than stoop],
NY10B!,porch,,
NY10B!,piazza,,
NY10B!,stoop,mostly as a child,
NY11,porch,,
NY12A,porch,,
NY12A,stoop,natural,
NY12A,stoop,,
NY12A,porch,unfamiliar,
NY12A,piazza,long,
NY12B,porch,,
NY12B,stoop,,
NY12C!,stoop,small,
NY12C!,veranda,large,
NY12C!,porch,either [`porch' or `veranda'],
NY13A,piazza,,
NY13A,stoop,,
NY13B!,stoop,"long, wide roof",
NY13B!,porch,,
NY14A,porch,,
NY14A,stoop,"especially small, old-fashioned kind",
NY14B,porch,,
NY14B,piazza,rare,
NY14B,stoop,more used formerly,
NY15A,stoop,,
NY15A,veranda,large,
NY15A,porch,,
NY15B,porch,,
NY16A,piazza,,
NY16A,stoop,usually,
NY16B,stoop,,
NY16B,porch,,
NY17A,piazza,open,
NY17A,porch,,
NY17A,porch,smaller [than piazza],
NY17A,stoop,no roof,
NY17A,stoop,"enclosed, at back",
NY17A,piazza,usually,
NY17B,porch,side,
NY17B,stoop,no roof,
NY17B,piazza,wide front,
NY18A,stoop,,
NY18A,piazza,more `higher-up-in-the-world' word,
NY18B,porch,,
NY18B,stoop,,
NY18C!,stoop,as a child,
NY18C!,porch,,
NY18C!,piazza,larger [than porch],
NY18C!,steps,small,
NY18C!,veranda,very large; rare,
NY19,porch,,
NY20A,porch,,
NY20A,stoop,,
NY20B,porch,,
NY21,piazza,,
NY21,porch,,
NY21,stoop,built-in room at kitchen door (= summer kitchen),
NY22,stoop,,
NY22,porch,,
NY23A,stoop,,
NY23A,porch,,
NY23B,stoop,"= ""step”",
NY23B,piazza,,
NY23B,porch,,
NY23B,step,,
NY23B,lean-to,,
NY23C,stoop,,
NY23C,piazza,,
NY23C,piazza,,
NY23C,porch,,
NY24A,porch,,
NY24A,stoop,,
NY24A,piazza,wide,
NY24B!,piazza,,
NY24B!,stoop,,
NY25A,porch,,
NY25A,outside porch,,
NY25A,stoops,smaller [than porch],
NY25A,piazza,,
NY25A,veranda,,
NY25B,porch,,
NY25B,stoop,,
NY25B,piazza,,
NY26A,porch,,
NY26A,stoop,,
NY26A,veranda,,
NY26B,porch,,
NY26B,porch,,
NY26B,stoop,,
NY26C,porch,"""cupola”",
NY26C,side porch,"""cupola”",
NY26C,stoops,"""always used to be”",
NY27A,porches,,
NY27A,stoop,,
NY27B,porch,,
NY27B,stoop,,
NY27C,piazza,,
NY27C,porch,,
NY27C,stoop,,
NY28A,piazzas,spontaneous first response,
NY28A,porch,,
NY28A,stoop,"""pa's phrase”",
NY28B,steps,small,
NY28B,piazza,,
NY28B,piazza,,
NY28B,piazza,,
NY28C,stoop,,
NY28C,front stoop,,
NY28C,screen porch,,
NY28C,platform,old house,
NY28C,steps,old house,
NY28C,porch,,
NY28C,back stoop,,
NY29A,steps,,
NY29A,stoop,,
NY29A,piazzas,not common,
NY29A,entry,,
NY29B,porch,,
NY29B,back porch,,
NY29B,stoop,no porch--just steps,
NY29C,storm houses,enclosed,
NY29C,porch,,
NY29C,piazza,,
NY29C,back stoop,,
NY29C,stoop,,
NY29C,steps,,
NY30A,porch,on front,
NY30B,piazza,long; front or back,
NY30B,piazza,long; front or back,
NY30B,back porch,,
NY30C,a steps,,
NY30C,porch,,
NY30C,piazza,new house,
NY30D,piazza,,
NY30D,piazza,,
NY30E,piazza,,
NY30E,portico,"""after you're getting on”",
NY30E,stoop,,
NY31A,porch,,
NY31A,porch,,
NY31A,stoop,on farm,
NY31B,steps,,
NY31B,stoop,,
NY31B,piazza,,
NY31B,front porch,,
NY31B,porch,,
NY32A,porch,,
NY32A,veranda,,
NY32A,stoop,,
NY32B,steps,,
NY32B,piazza,,
NY33A,veranda,"large, at front",
NY33A,porch,"large, at front",
NY33A,back porch,same [as back stoop],
NY33A,back stoop,same [as back porch],
NY33B,porch,,
NY33B,veranda,,
NY33B,back stoop,,
NY33C,front porch,,
NY33C,veranda,,
NY33C,stoop,smaller [than veranda],
NY34A,porch,,
NY34A,a stone steps,at back door,
NY34A,stoop,= porch,
NY34A,porch,,
NY34B,veranda,,
NY34B,porch,,
NY34B,side steps,,
NY34C,piazza,,
NY34C,porch,,
NY34D!,porch,side,
NY34D!,porch,side,
NY34D!,piazza,,
NY35A,porch,,
NY35A,stoop,,
NY35B,porch,,
NY35B,veranda,long,
NY35B,stoop,,
NY35C!,porch,,
NY35C!,veranda,wide,
NY35C!,stoop,small,
NY36A,porch,,
NY36A,stoop,,
NY36A,piazza,fancier [than stoop],
NY36B,porch,,
NY36B,stoop,,
NY37A,porch,,
NY37A,piazza,,
NY37A,stoop,small,
NY37B,porch,,
NY37C!,porch,,
NY37C!,stoop,,
NY37C!,veranda,larger [than stoop],
NY38A,veranda,large; rare,
NY38A,stoop,closed in,
NY38A,porch,open,
NY38A,piazza,,
NY38B,piazza,,
NY38B,porch,,
NY38B,stoop,,
NY38C,porch,,
NY38C,stoop,,
NY39A,porch,,
NY39A,piazza,,
NY39B,piazza,large,
NY39B,stoop,small,
NY39B,porch,,
NY40A,stoop,,
NY40A,piazza,,
NY40A,veranda,bigger [than stoop],
NY40B,porch,,
NY40B,stoop,,
NY41,porch,,
NY41,veranda,wide,
NY41,stoop,,
NY42A,porch,,
NY42A,stoop,,
NY42B,porch,,
NY43A,stoop,,
NY43B,porch,,
NY43B,stoop,,
NY43C!,porch,,
NY43C!,stoop,rare now; small,
NY44A,porch,,
NY44A,stoop,,
NY44B,porch,,
NY44B,veranda,large,
NY44B,stoop,small,
NY45A,stoop,,
NY45A,stoop,,
NY45A,porch,,
NY45B,porch,,
NY45C,porch,,
NY45C,stoop,,
NY45D!,back porch,,
NY45D!,porch,,
NY45D!,piazza,,
NY46A,porch,,
NY46A,stoop,"""might have called it”",
NY46B,porch,,
NY46B,stoop,must have cover,
NY46C,porch,needn't have roof,
NY46C,porch,needn't have roof,
NY46C,stoop,no roof,
NY47A,stoop,same [as porch],
NY47A,porch,same [as stoop],
NY47A,porch,,
NY47A,porch,,
NY47B,porch,,
NY47B,stoop,,
NY48A,stoop,,
NY48A,porch,later,
NY48B,porch,,
NY48B,porch,,
NY48C,stoop,,
NY48D,porch,,
NY48D,stoop,,
NY48D,kitchen stoop,,
NY49A,porch,"""high class”",
NY49A,stoop,"""low class”",
NY49A,porch,"""high class”",
NY49B,porch,,
NY49B,stoop,,
NY49C,porches,,
NY49C,patio,,
NY49C,front porch,,
NY49C,back porch,,
NY49D,porch,,
NY49D,side porch,,
NY49D,entrance,raised concrete platform,
NY49D,front porch,,
NY49D,back porch,,
NY50A,porch,,
NY50A,stoop,,
NY50B,porch,,
NY50B,stoop,,
NY51A,porch,,
NY51A,stoop,,
NY51B,dining room porch,,
NY51B,stoops,,
NY51C,porch,,
NY51C,piazza,"""in the village”",
NY51C,stoop,,
NY51C,porch,,
NY51D,sun porch,,
NY51D,stoop,,
NY51E!,small porch,,
NY51E!,veranda,large,
NY51E!,storm porch,winter,
NY51E!,side porch,,
NY51E!,piazza,,
NY52A,porch,,
NY52A,stoops,,
NY52B,stoop,,
NY52B,front porch,,
NY52C,porch,,
NY52C,front porch,,
NY52C,back porch,,
NY52C,patio,"raised, platform-like, concrete; no roof",
NY53A,porch,enclosed,
NY53A,stoop,,
NY53B!,stoop,,
NY53B!,porch,,
NY54A,porch,,
NY54A,back porch,,
NY54A,front porch,,
NY54B,vestibule,front,
NY54B,porch,"""back”",
NY55A,porch,big pillars,
NY55A,stoop,,
NY55B,stoop,,
NY55B,a stone steps,,
NY55B,steps,,
NY55B,porches,"""weren't the fashion”",
NY56A,veranda,,
NY56A,veranda,,
NY56A,veranda,,
NY56A,step,,
NY56B,porches,,
NY56B,veranda,,
NY56B,stoop,,
NY56B,front stoop,,
NY56B,back stoop,,
NY57A,stoop,,
NY57A,stoop,,
NY57B,stoop,,
NY57B,back porch,,
NY57C!,steps,"originally just had front, side, or back",
NY57C!,piazza,,
NY57C!,porch,,
NY58A,front porch,,
NY58A,steps,,
NY58A,stoop,,
NY58B,porch,,
NY58C,stoop,,
NY58C,front stoop,,
NY58C,back stoop,,
NY58C,porch,,
NY58D!,porch,,
NY58D!,stoop,,
NY58E!,front stoop,,
NY58E!,veranda,side,
NY58F!,piazza,,
NY58F!,porch,smaller [than piazza],
NY58F!,porch,smaller [than piazza],
NY59A,porch,,
NY59A,stoop,smaller [than porch],
NY59B,veranda,wide,
NY59B,porch,usual,
NY60A,porch,not always covered,
NY60A,porches,not always covered,
NY60A,stoop,,
NY60B!,porch,"front, side, or back",
NY60B!,stoop,,
NY60B!,veranda,,
NY61A,stoops,not much different [than veranda],
NY61A,on your stoop,,
NY61A,veranda,not much different [than stoop],
NY61B,veranda,front or side,
NY61B,stoop,back door; [{u˂}]: doubtful,
NY61B,balcony,upstairs,
NY62A,stoops,not then,
NY62A,verandas,,
NY62A,gallery,in a story,
NY62B,stoop,,
NY62B,storm house,enclosed,
NY62B,porch,,
NY62B,veranda,,
NY62C,stoops,"short; up to ""veranda”",
NY62C,veranda,large,
NY62C,veranda,large,
NY62C,porch,,
NY62D!,porch,,
NY62D!,veranda,,
NY62D!,stoops,"""other side the tracks”",
NY63A,verandas,,
NY63A,porch,,
NY63A,porch,,
NY63A,back porch,,
NY63B,front steps,,
NY63B,porch,,
NY63B,veranda,,
NY63C,veranda,wide,
NY63C,porch,,
NY63C,stoop,,
NY63D!,front veranda,,
NY64A,veranda,4-feet wide,
NY64A,stoops,very narrow,
NY64A,porch,,
NY64A,storm house,,
NY64A,piazza,,
NY64B,porch,"same [as veranda, stoop]",
NY64B,veranda,"same as [porch, stoop]",
NY64B,stoop,"same as [porch, veranda]",
NY64B,stoop,"same as [porch, veranda]",
NY64C!,porch,,
NY64C!,side porch,,
NJ1A,porch,,
NJ1B,porch,,
NJ1B,stoop,"small, with a seat on each side",
NJ1B,piazza,= porch,
NJ2A,porch,,
NJ2A,platform,"small, usually no roof",
NJ2B,porch,,
NJ3A,porch,,
NJ3A,portico,"small, usually no roof",
NJ3A,piazza,,
NJ3B,porch,,
NJ4A,porch,,
NJ4B,porch,,
NJ4B,portico,,
NJ5A,porch,,
NJ5B,porch,,
NJ6A,porch,,
NJ6B,porch,,
NJ7A,porch,,
NJ7A,porch,,
NJ7A,piazza,,
NJ7A,stoop,"""back, smaller roof”",
NJ7B!,porch,,
NJ7B!,portico,small,
NJ8A,porch,,
NJ8B,porch,,
NJ9A,porch,,
NJ9A,stoop,,
NJ9B,porch,,
NJ9B,stoop,"""no roof”",
NJ10A,porch,same [as stoop],
NJ10A,stoop,same [as porch],
NJ10B,porch,,
NJ10B,stoop,,
NJ10C,porch,,
NJ10C,stoop,"""no roof”",
NJ10D!,porch,,
NJ10D!,stoop,smaller [than porch],
NJ11A,porch,,
NJ11A,portico,,
NJ11B,porch,,
NJ11B,stoop,"""small, no roof”",
NJ11C,porch,,
NJ12A,porch,,
NJ12A,stoop,,
NJ12B,porch,,
NJ12B,stoop,,
NJ13A,porch,,
NJ13A,stoop,"""small, no roof”",
NJ13A,stoop,"""small, no roof”",
NJ13B,stoop,small,
NJ13B,porch,small,
NJ13B,portico,small,
NJ14A,porch,,
NJ14A,stoop,,
NJ14B,porch,,
NJ14B,stoop,small,
NJ15A,porch,,
NJ15B,porch,,
NJ16A,porch,,
NJ16A,stoop,,
NJ16B,porch,,
NJ17A,porch,,
NJ17A,stoop,"""no roof”",
NJ17A,stoop,"""no roof”",
NJ17B,stoop,"""small roof only”",
NJ17B,porch,,
NJ18A,porch,,
NJ18A,piazza,larger [than porch]; rare,
NJ18A,stoop,small,
NJ18B,porch,,
NJ18B,stoop,"""small”",
NJ18C!,stoop,,
NJ18C!,porch,,
NJ18D!,porch,,
NJ18D!,piazza,"""rare; large”",
NJ18D!,stoop,"""as a child; smaller [than porch]”",
NJ19A,porch,recent,
NJ19A,stoop,natural,
NJ19A,veranda,"""larger [than porch]”",
NJ19B!,porch,,
NJ19B!,stoop,"""more”",
NJ20A,stoop,,
NJ20B,porch,,
NJ20B,stoop,natural,
NJ21A,stoop,,
NJ21A,porch,"""larger [than stoop]”",
NJ21A,piazza,"""also; larger [than stoop]”",
NJ21B,porch,,
NJ21B,stoop,"""small”",
PA1A,porch,,
PA1B,porch,,
PA1B,doorstep,"""very small”",
PA1C,porch,,
PA1C,stoops,"""very small”",
PA1C,piazza,,
PA1D,veranda,wide,
PA1D,porch,,
PA1D,piazza,,
PA1E!,doorstep,"""in city”",
PA1E!,porch,"""in country home”",
PA1E!,piazza,"between main & back building; also residential, closed in",
PA1F!,porch,,
PA1G!,porch,"""usually roof”",
PA1G!,doorstep,"""small, unroofed”",
PA1H!,porch,,
PA2A,porch,,
PA2A,stoop,"""for small ones”",
PA2B,porch,,
PA3A,porch,,
PA3A,portico,"""small”",
PA3B,porch,,
PA3C,porch,,
PA4A,porch,,
PA4B!,porch,,
PA4B!,stoop,= doorstep or uncovered platform,
PA5A,porch,,
PA5A,porch,,
PA5B,porch,,
PA5C,porch,,
PA5D,porch,,
PA5E!,porch,,
PA6A,porch,,
PA6B,porch,,
PA6C,porch,,
PA6D!,porch,,
PA7A,porch,,
PA7A,portico,also,
PA7B,porch,,
PA7C,porch,,
PA7D!,porch,,
PA8A,porch,,
PA8B,porch,,
PA8C,porch,,
PA8D!,porch,,
PA8D!,piazza,"""a side porch covered with lattice work, often joining with another building”",
PA9A,porch,,
PA9B,porch,,
PA9C!,porch,,
PA10,porch,,
PA11A,porch,,
PA11B,porch,,
PA11B,porch,,
PA11B,stoop,"""very small”",
PA12A,porch,,
PA12B,porch,,
PA12B,portico,"""to the pigpen”",
PA12B,stoop,"""not used”",
PA13A,porch,,
PA13B,porch,,
PA14A,porch,,
PA14B,porch,,
PA14C,porch,,
PA15A,porch,,
PA15A,stoop,,
PA15B,porch,,
PA15B,stoop,"""at back, especially”",
PA15C!,porch,,
PA15C!,stoop,"""grandmother said”",
PA16A,porch,,
PA16B,porch,,
PA16C,porch,,
PA17A,porch,,
PA17B,porch,,
PA18A,porch,,
PA18A,portico,"""small”",
PA18A,stoop,"""low porch”",
PA18B!,porch,,
PA18B!,stoop,"""small”",
PA19A,porch,"""nice and proper name”",
PA19A,stoop,"also; ""common name”",
PA19B,porch,,
PA19B,stoop,,
PA20A,porch,,
PA20A,piazza,,
PA20A,stoop,,
PA20B,porch,,
PA21A,porch,,
PA21A,stoop,"""also”",
PA21B,porch,,
PA21B,porch,,
PA21B,piazza,older,
PA21B,stoop,"""smaller [than porch]; over door”",
PA22A,porch,,
PA22A,stoop,,
PA22B,porch,,
PA23A,porch,,
PA23B,porch,,
PA23B,stoop,natural,
PA24A,porch,,
PA24A,stoop,also,
PA24B,porch,,
PA24B,stoop,,
PA25A,porch,,
PA25B,porch,,
PA25B,stoop,also,
PA26A,porch,,
PA26A,stoop,small,
PA26B,porch,,
PA26B,stoop,small,
PA27A,porch,,
PA27B,porch,,
PA28A,porch,,
PA28B!,porch,,
PA29A,porch,,
PA29B,porch,,
PA30A,porch,,
PA30A,piazza,"""rare, obsolete”",
PA30A,stoop,natural,
PA30B,porch,,
PA30B,stoop,also,
PA31A,porch,,
PA31A,stoop,"""the old-fashioned way”",
PA31A,the old-fashioned way,,
PA31B,porch,,
PA31B,veranda,big,
PA31B,stoop,,
PA32A,porch,,
PA32B,porch,,
PA33A,porch,,
PA33B,porch,,
PA34A,porch,,
PA34B,porch,,
PA34C!,porch,,
PA34C!,portico,"small, with roof",
PA35A,porch,,
PA35B,porch,,
PA35C,porch,,
PA36A,porch,,
PA36B,porch,,
PA37A,porch,,
PA37B,porch,,
PA37C,porch,,
PA38A,porch,,
PA38B,porch,,
PA39A,porch,,
PA39B,porch,,
PA40A,porch,,
PA40B,porch,,
PA41A,porch,,
PA41B,porch,,
PA42A,porch,,
PA42B,porch,,
PA43A,porch,,
PA43B,porch,,
PA44A,porch,,
PA44B,porch,,
PA45A,porch,,
PA45B,porch,,
PA46A,porch,,
PA46B,porch,,
PA46B,portico,small,
PA47A,porch,,
PA47A,portico,small,
PA47B,porch,,
PA48A,porch,,
PA48B,porch,,
PA48B,portico,,
PA48C,porch,,
PA49A,porch,,
PA49B,porch,,
PA50A,porch,,
PA50B,porch,,
PA50C!,porch,,
PA51A,porch,,
PA51B,porch,,
PA52A,porch,,
PA52B!,porch,,
PA53A,porch,,
PA53A,veranda,rare,
PA53B,porch,,
PA54A,porch,,
PA54B,porch,,
PA55A,veranda,,
PA55A,portico,,
PA55A,porch,,
PA55B,porch,,
PA55B,veranda,rare,
PA56A,porch,,
PA56A,porch,,
PA56B,porch,,
PA57A,porch,,
PA57B,porch,,
PA58A,portico,,
PA58A,porch,larger [than portico],
PA58B,porch,,
PA59A,porch,,
PA59B,porch,,
PA60A,porch,,
PA60B,porch,,
PA61A,porch,,
PA61B,porch,,
PA62A,porch,,
PA62B,porch,,
PA63A,porch,,
PA63B,porch,,
PA63B,veranda,"rare, long",
PA64A,porch,,
PA64A,stoop,back,
PA64B,porch,,
PA64B,veranda,wide,
PA64B,stoop,especially back,
PA65A,porch,,
PA65A,veranda,wide,
PA65B,stoop,"small, unroofed",
PA65B,porch,,
PA66A,porch,,
PA66B,porch,,
PA67A,porch,,
PA67A,portico,small,
PA67A,stoop,at back,
PA67B,porch,,
PA67B,veranda,,
PA67B,stoop,smaller [than a veranda],
WV1!,porch,,
WV2,porch,,
WV3,porch,,
WV4A,porch,,
WV4B,porch,,
WV5,porch,,
WV6A,porch,,
WV6B,porch,,
WV7A,porch,,
WV7B,porch,,
WV8A,portico,small,
WV8A,porch,,
WV8B,porch,,
WV8B,portico,small,
WV9A,porch,,
WV9B,porch,,
WV10A,porch,,
WV10B,porch,,
WV10C,porch,,
WV11A,porch,,
WV11B!,porch,,
WV11B!,portico,small,
WV12A,porch,,
WV12A,portico,small,
WV12B,porch,,
WV13A,porch,,
WV13B,porch,,
WV14A,porch,,
WV14B,porch,,
WV15A,porch,,
WV15B,porch,,
WV15B,portico,small,
WV16A,porch,,
WV16B,porch,,
WV17A,porch,,
WV17A,portico,,
WV17B,porch,,
WV17C,porch,,
WV18A,porch,,
WV18B,porch,,
WV19A,porch,,
WV19B,porch,,
WV20A,porch,,
WV20B,porch,,
WV21A,porch,,
WV21B,porch,,
WV22A,porch,,
WV22B,porch,,
WV23A,porch,,
WV23B,porch,,
WV24A,porch,,
WV24B,porch,,
WV25A,porch,,
WV25B,porch,,
WV26A,porch,,
WV26A,portico,small,
WV26B,porch,,
WV27A,porch,,
WV27B,porch,,
WV28A,porch,,
WV28B,porch,,
WV29A,porch,,
WV29B,porch,,
WV30A,porch,,
WV30B,porch,,
WV31A,porch,,
WV31B,porch,,
WV32A,porch,,
WV32B,porch,,
WV33A,porch,,
WV33B,porch,,
WV34A,porch,,
WV34B,porch,,
WV35A,porch,,
WV35B,porch,,
WV36A,porch,,
WV36B,porch,,
WV37A,porch,,
WV37B!,porch,,
WV38A,porch,,
WV38B,porch,,
WV39A,porch,,
WV39A,portico,"""little ones”",
WV39B,porch,,
WV39C!,porch,,
WV39C!,piazza,"""rare here”",
WV40A,porch,,
WV40B,porch,,
WV41A,porch,,
WV41B,porch,,
WV42A,porch,,
WV42B,porch,,
WV43A,porch,,
WV43B,porch,,
WV44A,porch,,
WV44B,porch,,
WV45A,porch,,
WV45B,porch,,
WV46A,porch,,
WV46B,porch,,
WV47A,porch,,
WV47B,porch,,
WV48A,porch,,
WV48B,porch,,
WV48C,porch,,
WV48D,porch,,
WV49A,porch,,
WV49B,porch,,
WV50A,porch,,
WV50B,porch,,
WV51A,porch,,
WV51B,porch,,
WV52A,porch,,
WV52B,porch,,
WV52C!,porch,,
WV52C!,veranda,"wide, long",
WV52C!,portico,small,
WV53A,porch,,
WV53B,porch,roof,
WV53B,platform,no roof,
WV53C!,porch,,
WV54A,porch,,
WV54B,porch,,
WV54B,portico,small,
DE1A,porch,,
DE1B,porch,,
DE1C!,porch,,
DE2A,porch,,
DE2A,piazza,,
DE2A,portico,very small; usually no roof,
DE2B,porch,,
DE2C,NR,,
DE3A,porch,has roof,
DE3A,platform,small; usually no roof,
DE3A,platform,small; usually no roof,
DE3B,porch,,
DE3C!,porch,,
DE4,porch,,
DE5A,porch,,
DE5A,stoop,,
DE5B,porch,,
DE6A,porch,,
DE6B,porch,,
MD1A,porch,,
MD1A,porch,,
MD1B,porch,,
MD2A,porch,,
MD2B,porch,,
MD3A,porch,,
MD3B,porch,,
MD4A,porch,,
MD4B,porch,,
MD4C,porch,,
MD5A,porch,,
MD5B,porch,,
MD6A,porch,,
MD6B,porch,,
MD7A,porch,,
MD7B,porch,,
MD7C!,porch,,
MD7C!,piazza,large,
MD7C!,stoop,small; usually no roof,
MD8A,porch,,
MD8B,porch,,
MD9N,porch,,
MD9A,porch,,
MD9A,piazza,,
MD9B,porch,,
MD10A,porch,,
MD10B,porch,,
MD11,porch,,
MD11,portico,over the door; small; usually no roof,
MD12A,porch,,
MD12B,porch,,
MD13A,porch,,
MD13B,porch,,
MD13C,porch,,
MD13D!,porch,,
MD13D!,piazza,on handsome house,
MD13E!,porch,,
MD13F!,porch,large,
MD13F!,stoop,some say; small; usually no roof,
MD13F!,piazza,aunt said,
MD13G,NR,,
MD14,porch,"""ein porch”",
MD14,porch,,
MD15A,porch,,
MD15B,porch,,
MD16,porch,,
MD16,portico,small; usually no roof,
MD17A,porch,,
MD17B,porch,,
MD18A,porch,,
MD18B,porch,,
MD19A,porch,,
MD19B,porch,,
MD20A,porch,,
MD20A,stoop,"small, over the door; usually no roof",
MD20B,porch,,
MD20B,piazza,,
MD20C!,porch,,
MD21A,piazza,large ones,
MD21A,porch,short,
MD21B,porch,,
MD21B,steps,small; usually no roof,
MD21B,piazza,,
MD22N,piazza,,
MD22N,porch,,
MD22M,porch,,
MD22A,porch,,
MD22A,porch,,
MD22B,porch,,
MD22C!,porch,,
MD22C!,piazza,,
MD23A,porch,,
MD23A,piazza,,
MD23B,porch,,
MD23B,piazza,,
MD23C,porch,,
MD24,piazza,,
MD24,porch,,
MD25,porch,,
MD26A,porch,,
MD26B,NR,,
MD27A,porch,,
MD27B,porch,,
DC1A,porch,,
DC1A,stoop,small platform from front door; usually no roof,
DC1B!,porch,,
VA1!,porch,,
VA2A,porch,,
VA2A,portico,extending out to drive under,
VA2A,stoop,shelter over front door; small; usually no roof,
VA2B,porch,,
VA3A,porch,,
VA3B,porch,,
VA3C,NR,,
VA4N,porch,,
VA5A,porch,,
VA5A,porch,,
VA5B,porch,,
VA6A,porch,,
VA6B,porch,,
VA7A,porch,,
VA7B,porch,,
VA7B,piazza,,
VA8A,porch,,
VA8B,porch,,
VA8C!,porch,,
VA9A,porch,,
VA9B!,porch,,
VA9B!,stoop,"small, over door; usually no roof",
VA10A,porch,,
VA10B,porch,,
VA10B,stoop,"small, no roof; usually no roof",
VA11A,porch,,
VA11B,porch,,
VA12N,porch,,
VA12A,porch,,
VA12B!,porch,,
VA12B!,stoop,"small, over door; usually no roof",
VA13A,porch,,
VA13B,porch,,
VA14A,porch,,
VA14A,piazza,,
VA14B,porch,,
VA14B,platform,,
VA14C,porch,,
VA15N,porch,,
VA15N,porch,,
VA15A,porch,,
VA15B,porch,,
VA15B,stoop,"small, over basement door; usually no roof",
VA16A,porch,,
VA16B,porch,,
VA17A,porch,,
VA17A,platform,"small, no roof",
VA17B,porch,,
VA18,porch,,
VA19A,porch,,
VA19B,porch,,
VA19B,platform,small; usually no roof,
VA19C!,porch,,
VA19C!,portico,,
VA20A,porch,,
VA20B,porch,,
VA20C,NR,,
VA21N,NR,,
VA21A,porch,,
VA21B,porch,,
VA21B,porch,,
VA22,porch,,
VA23A,porch,,
VA23A,platform,small; usually no roof,
VA23B,porch,,
VA24,porch,,
VA24,piazza,also; rarer [than porch],
VA25,porch,,
VA26A,porch,,
VA26B,porch,,
VA26C,porch,,
VA27,porch,,
VA27,portico,"""if two stories high”",
VA28A,porch,,
VA28B,porch,,
VA29,porch,,
VA30A,porch,,
VA30B!,porch,,
VA30C!,porch,,
VA30C!,piazza,,
VA30C!,portico,,
VA30D!,porch,,
VA30D!,portico,tall pillars,
VA30D!,veranda,large; rare,
VA30E!,porch,,
VA31A,porch,,
VA31B,porch,,
VA31C,porch,,
VA32!,porch,,
VA32!,piazza,long ones; seen rarely here,
VA33A,porch,,
VA33A,piazza,,
VA33B,porch,,
VA33B,piazza,"large one, at back or side",
VA34A,piazza,,
VA34A,porch,,
VA34B,porch,,
VA35A,porch,,
VA35A,piazza,large ones,
VA35B,porch,,
VA35B,piazza,large ones,
VA36A,porch,,
VA36A,piazza,backside porch,
VA36B,porch,,
VA36B,piazza,two doors open onto it,
VA37,piazza,"""clean 'cross the house”",
VA37,porch,"small, over door",
VA38,porch,,
VA39!,porch,,
VA40A,porch,,
VA40B,porch,,
VA41A,porch,,
VA41B,porch,,
VA42A,porch,,
VA42A,porch,,
VA42B,porch,,
VA43N,porch,,
VA43A,porch,roof,
VA43A,platform,small; usually no roof,
VA43B,porch,,
VA44A,porch,,
VA44B,porch,,
VA45A,porch,,
VA45B,porch,,
VA46N,porch,,
VA46A,porch,,
VA46B!,porch,,
VA47,porch,,
VA48A,porch,,
VA48B,porch,,
VA49A,porch,,
VA49B,porch,,
VA50A,porch,,
VA50A,piazza,inside hall or vestibule,
VA50B,porch,,
VA51A,porch,,
VA51A,piazza,nice one,
VA51B,NA,,
VA51C,porch,,
VA51C,piazza,,
VA52A,porch,,
VA52B,porch,,
VA52C!,porch,,
VA52C!,porch,,
VA53A,porch,,
VA53B,porch,,
VA54A,porch,,
VA54B,porch,,
VA55A,porch,,
VA55A,portico,,
VA55B,porch,,
VA56A,porch,,
VA56A,portico,small; usually no roof,
VA56B,porch,,
VA57A,porch,,
VA57B,porch,,
VA58,porch,,
VA58,platform,"small, no roof",
VA59N,porch,,
VA59A,porch,,
VA59B!,porch,,
VA60,porch,,
VA61A,porch,,
VA61B!,porch,,
VA61C,NA,,
VA62A,porch,,
VA62B,porch,,
VA63A,porch,,
VA63A,portico,small; usually no roof,
VA63B,porch,,
VA64A,porch,,
VA64B,porch,,
VA65A,porch,,
VA65A,portico,"small, narrower [than porch]; usually no roof",
VA65B,porch,,
VA65C!,porch,,
VA65C!,veranda,covered walkway all around house,
VA66A,porch,,
VA66B,porch,,
VA67A,porch,,
VA67B,porch,,
VA68A,porch,,
VA68B,porch,,
VA69A,porch,,
VA69B,porch,,
VA70A,porch,,
VA70B,porch,,
VA71A,porch,,
VA71B,porch,,
VA71B,portico,small; usually no roof,
VA72A,porch,,
VA72B,porch,,
VA72B,portico,"small, short; usually no roof",
VA73,porch,,
VA74A,porch,,
VA74B!,porch,,
VA75A,porch,,
VA75B,porch,,
NC1,door block,small; usually no roof,
NC1,piazza,,
NC1,porch,rarely used,
NC2A,porch,,
NC2A,piazza,,
NC2B,porch,,
NC2B,piazza,,
NC3A,piazza,natural,
NC3A,porch,,
NC3B,porch,,
NC3B,piazza,,
NC4A,piazza,,
NC4A,porch,,
NC4B,porch,,
NC4B,piazza,,
NC5A,piazza,natural,
NC5A,porch,,
NC5B,porch,,
NC5B,piazza,,
NC6!,porch,,
NC6!,piazza,,
NC7A,piazza,,
NC7A,porch,formerly only a small one,
NC7B,porch,formerly only a small one,
NC7B,piazza,,
NC8N,porch,,
NC8N,piazza,,
NC8A,porch,,
NC8A,piazza,,
NC8B,porch,,
NC8B,piazza,rare,
NC8B,piazza,,
NC9A,piazza,,
NC9A,porch,,
NC9B,piazza,,
NC9B,porch,small one; usually no roof,
NC10A,porch,,
NC10A,piazza,,
NC10B,piazza,,
NC10B,porch,,
NC10C,piazza,,
NC10C,piazza,,
NC11A,porch,,
NC11A,piazza,,
NC11B,porch,,
NC11B,piazza,father says,
NC12A,piazza,,
NC12A,piazza,,
NC12A,porch,,
NC12B,porch,,
NC12B,piazza,,
NC13A,porch,small ones,
NC13A,piazza,,
NC13B,porch,,
NC13B,piazza,,
NC13B,piazza,,
NC14N,porch,50 years,
NC14N,piazza,,
NC14A,piazza,,
NC14A,porch,formerly only of small ones,
NC14B,porch,,
NC14B,piazza,long,
NC14B,portico,very small; usually no roof,
NC14C!,veranda,,
NC14C!,piazza,,
NC14C!,portico,small; usually no roof,
NC14C!,porch,small; usually no roof,
NC15A,piazza,,
NC15B,porch,,
NC15B,piazza,,
NC15C,porch,,
NC15C,piazza,,
NC16A,piazza,,
NC16B,porch,,
NC16B,piazza,,
NC17A,piazza,,
NC17A,porch,rare,
NC17B,porch,,
NC17B,piazza,,
NC18A,piazza,,
NC18B,piazza,,
NC19A,piazza,,
NC19A,porch,,
NC19B,piazza,rare; a small one; usually no roof,
NC19B,porch,,
NC20A,porch,,
NC20A,piazza,,
NC20B,piazza,,
NC20B,porch,,
NC20C,porch,,
NC20C,piazza,,
NC20C,piazza,,
NC21A,piazza,,
NC21A,porch,small; usually no roof,
NC21B,porch,not full length,
NC21B,piazza,full length of home,
NC22A,porch,,
NC22A,porch,,
NC22A,piazza,,
NC22A,piazza,,
NC22B,porch,,
NC22B,piazza,,
NC23A,porch,,
NC23A,piazza,,
NC23B,porch,,
NC23B,piazza,,
NC23B,piazza,,
NC23C!,piazza,,
NC23C!,porch,rare,
NC23D!,piazza,natural,
NC23D!,porch,,
NC24N,piazza,,
NC24N,porch,rare,
NC24A,piazza,,
NC24B,porch,,
NC24B,piazza,,
NC25N,piazza,,
NC25N,porch,,
NC25A,porch,,
NC25A,piazza,,
NC25B,porch,,
NC25B,piazza,,
NC25B,veranda,"open, joining platform between two parts of house",
NC26A,porch,,
NC26A,piazza,,
NC26B,porch,,
NC26B,piazza,,
NC26C!,porch,,
NC26C!,piazza,,
NC27A,porch,,
NC27A,piazza,,
NC27B,porch,,
NC27B,piazza,,
NC28A,piazza,,
NC28A,porch,,
NC28B,piazza,,
NC28B,porch,,
NC28C,porch,,
NC28C,piazza,,
NC29A,porch,,
NC29A,piazza,natural,
NC29A,breezeway,open passage through house,
NC29B,porch,,
NC29B,piazza,,
NC30A,piazza,natural,
NC30A,porch,originally only for small one,
NC30B,porch,,
NC30B,piazza,,
NC31A,porch,,
NC31A,piazza,,
NC31B,porch,,
NC31B,piazza,,
NC32A,porch,,
NC32A,piazza,,
NC32A,veranda,,
NC32A,balcons,,
NC32B!,porch,,
NC32B!,piazza,,
NC33A,piazza,,
NC33B,porch,,
NC33B,piazza,,
NC34A,porch,,
NC34A,piazza,,
NC34B,porch,,
NC34B,piazza,,
NC35A,porch,,
NC35A,piazza,longer [than porch],
NC35B,porch,,
NC35B,piazza,,
NC36N,porch,,
NC36N,piazza,,
NC36A,piazza,,
NC36A,porch,rare,
NC36B,porch,,
NC36B,porch,,
NC37A,piazza,,
NC37A,porch,,
NC37B,porch,,
NC37B,piazza,hall or vestibule inside the house,
NC38N,porch,,
NC38N,piazza,,
NC38A,porch,natural,
NC38A,piazza,fine ones only,
NC38B,porch,,
NC39A,porch,,
NC39B!,porch,,
NC40A,porch,,
NC40A,piazza,,
NC40B,porch,,
NC40B,piazza,as a child,
NC41!,porch,,
NC41!,piazza,rare,
NC42A,porch,,
NC42A,piazza,,
NC42B,porch,,
NC42B,piazza,,
NC42B,piazza,,
NC43A,porch,,
NC43B,porch,,
NC43B,piazza,,
NC44,porch,,
NC44,porch,,
NC45A,porch,,
NC45B,porch,,
NC46A,porch,,
NC46B,porch,,
NC46B,piazza,rare,
NC46C!,porch,,
NC47,porch,,
NC47,piazza,"open, at one side of house between two bedrooms",
NC48,porch,,
NC48,piazza,,
NC49,piazza,,
NC49,porch,,
NC50A,porch,,
NC50B!,porch,,
NC50B!,piazza,very old,
NC51A,porch,open,
NC51A,piazza,bannisters,
NC51B,porch,,
NC51B,piazza,,
NC51B,piazza,,
NC52N,piazza,,
NC52N,porch,,
NC52A,porch,,
NC52A,piazza,,
NC52B,porch,,
NC53A,piazza,,
NC53B,porch,,
NC53B,piazza,,
NC54A,piazza,,
NC54A,porch,,
NC54B,porch,,
NC55,porch,,
NC55,piazza,,
NC56A,porch,,
NC56B!,porch,,
NC57A,porch,,
NC57B,porch,,
NC58A,porch,,
NC58B,porch,,
NC59,porch,,
NC59,piazza,occasionally,
NC60,porch,,
NC61A,porch,,
NC61B,porch,,
NC62A,porch,,
NC62B,porch,,
NC63A,porch,,
NC63B,porch,,
NC64A,porch,,
NC64B,porch,,
NC65A,porch,,
NC65B,porch,,
NC65B,piazza,very rare,
NC66A,porch,,
NC66B,porch,,
NC67A,porch,,
NC67A,portico,small; usually no roof,
NC67B,porch,,
NC68A,porch,,
NC68B,porch,,
NC69A,porch,,
NC69B,porch,,
NC69B,piazza,as a boy,
NC70A,porch,,
NC70B,porch,,
NC71A,porch,,
NC71B,porch,,
NC71C!,porch,,
NC72A,porch,,
NC72B,porch,,
NC73A,porch,,
NC73B,porch,in his own family,
NC73B,piazza,heard first when a young man,
NC74A,porch,,
NC74A,piazza,natural,
NC74B,porch,,
NC75A,porch,,
NC75B,porch,,
SC1A,porch,,
SC1A,piazza,,
SC1B,porch,,
SC1B,piazza,,
SC2A,piazza,,
SC2B,porch,,
SC2B,piazza,,
SC2C,piazza,,
SC3A,porch,,
SC3A,piazza,,
SC3B,front porch,,
SC3B,back porch,,
SC3C!,gallery,,
SC3C!,piazza,,
SC3C!,porch,,
SC3C!,stoop,little,
SC3C!,portico,,
SC4A,front porch,,
SC4A,piazza,,
SC4A,porch,between house and kitchen,
SC4B,piazza,,
SC4B,piazza,,
SC4B,porch,,
SC4B,entry,enclosed,
SC4C,piazza,,
SC4C,porches,,
SC4C,piazza,,
SC4C,porch,,
SC5A,porch,,
SC5A,piazza,called it then,
SC5A,shed,over steps,
SC5A,passage,open; between pens of two-pen house,
SC5A,hallway,enclosed,
SC5B,front porch,,
SC5B,piazza,,
SC5B,piazzas,,
SC5B,porch,"""never heard it called till I was grown”",
SC5B,porch,"""never heard it called till I was grown”",
SC5C,piazza,,
SC5C,porch,,
SC5D!,piazza,,
SC5D!,piazza,,
SC5D!,porch,,
SC6N,steps,,
SC6N,porch,,
SC6N,piazza,,
SC6N,piazza,,
SC6A,porch,,
SC6A,piazza,,
SC6A,shed,when no floor,
SC6B,piazza,,
SC6B,porch,smaller [than piazza],
SC6C!,porch,,
SC6C!,piazza,,
SC6C!,porch,"smaller [than piazza], at back",
SC6D,gangway,house to kitchen,
SC6D,porch,,
SC6D,piazza,,
SC7N,piazza,,
SC7N,porch,,
SC7N,porch,,
SC7A,piazza,,
SC7A,piazza,,
SC7B,porch,,
SC7B,piazza,,
SC7B,piazza,,
SC7B,veranda,only term in some sections,
SC7C!,piazza,large,
SC7C!,piazza,large,
SC7C!,porch,small,
SC7D!,porch,,
SC7D!,porte-cochere,,
SC7D!,piazza,,
SC7D!,stoop,common,
SC8A,piazzas,only on front,
SC8A,porches,"""after I was grown”",
SC8A,steps,,
SC8B,porch,,
SC8B,piazza,,
SC8B,entryway,,
SC8C,piazza,front,
SC8C,entry,back,
SC8C,back porch,,
SC8C,wood shelf,outside windows,
SC9A,piazza,"""don't hear now”",
SC9A,porch,,
SC9A,entryway,,
SC9B,piazza,,
SC9B,wash shed,small; at back,
SC9C!,porch,,
SC9C!,piazza,,
SC9D!,piazza,,
SC9D!,piazza,,
SC9D!,porch,smaller [than piazza],
SC10A,porch,,
SC10A,front porch,,
SC10A,side porch,,
SC10A,piazza,,
SC10A,stoops,"""people way back in the woods”",
SC10B!,piazza,big,
SC10B!,piazza,big,
SC10B!,porch,"small, at back",
SC10C!,piazza,,
SC10C!,porch,smaller [than piazza]; at back,
SC11N,piazza,natural,
SC11N,porch,,
SC11M!,porch,recent,
SC11M!,porch,recent,
SC11M!,piazza,,
SC11M!,back piazza,,
SC11M!,veranda,very seldom,
SC11M!,stoop,"""coping outside”",
SC11M!,coping outside,[a˄˃·ɪ]: doubtful,
SC11A,porch,front; smaller [than piazza],
SC11A,piazza,back; whole length; outside typical country house,
SC11A,piazza,back; whole length; outside typical country house,
SC11A,veranda,"= ""small piazza”",
SC11A,small piazza,above first story,
SC11A,piazza,,
SC11A,porch,originally small,
SC11B,porch,,
SC11B,piazza,,
SC11C,stoop,"no ""railing”",
SC11C,piazza,,
SC11C,piazza,,
SC11C,piazza,,
SC11C,piazza,,
SC11C,veranda,,
SC11D,porch,,
SC11D,porch,,
SC11D,rear porch,,
SC11D,veranda,"different [than porch]; small, space of two windows in front",
SC11D,verandas,"different [than porch]; small, space of two windows in front",
SC11D,stoop,elevated entrance: 3-5 steps,
SC11E,piazza,,
SC11E,piazza,,
SC11E,piazza,,
SC11E,porch,,
SC11E,veranda,,
SC11E,gallery,,
SC11E,stoop,,
SC11F,piazza,mother called it,
SC11F,piazza,mother called it,
SC11F,front porch,,
SC11F,back porch,,
SC11F,porch,not as common a term here as in Ohio,
SC11F,porch,not as common a term here as in Ohio,
SC11F,stoop,very small,
SC11G!,porch,,
SC11G!,porch,,
SC11G!,piazza,,
SC11G!,veranda,,
SC11G!,stoop,"= ""step, I thought”",
SC11G!,back porch,,
SC11H!,piazza,"""don't hear much now”",
SC11H!,piazza,"""don't hear much now”",
SC11H!,piazza,"""don't hear much now”",
SC11H!,back piazza,,
SC11H!,porch,= piazza,
SC11H!,back entry,,
SC11H!,gallery,"""don't think that's proper”",
SC11I!,piazza,long,
SC11I!,porch,,
SC11I!,balcony,on upper stories,
SC11I!,shed,tin roof over top of piazza,
SC11J!,piazza,,
SC11J!,piazza,,
SC11J!,veranda,Virginia,
SC11J!,gallery,Louisiana,
SC11J!,porch,"small, square",
SC11J!,front porch,,
SC11J!,front steps,= stoop,
SC12A,piazza,on old houses,
SC12A,shed,little platform at back,
SC12B,on the bannister,,
SC12B,in the shed,still used,
SC12B,piazza,later word,
SC12B,porch,later word,
SC13,piazza,at front,
SC14A,piazza,,
SC14A,porch,small,
SC14A,veranda,small,
SC14A,stoop,small,
SC14A,shed,"ground for floor, roof only",
SC14B,piazza,larger [than porch],
SC14B,piazza,larger [than porch],
SC14B,porch,,
SC14B,porch,,
SC14B,veranda,,
SC15A,piazza,when a boy,
SC15A,back piazza,,
SC15A,front piazza,,
SC15A,back porch,,
SC15A,front porch,,
SC15B,porch,,
SC15B,front porch,,
SC15B,back porch,,
SC15B,piazza,,
SC15B,piazza,,
SC15B,piazza,,
SC15B,piazza,,
SC15B,veranda,,
SC15C,porch,,
SC15C,piazza,"on side, underneath",
SC15C,shed,,
SC16N,porch,,
SC16N,piazza,,
SC16N,shed,,
SC16N,front shed,,
SC16N,stoop,very small,
SC16,porches,,
SC16,porch,,
SC16,porch,,
SC16,front porch,,
SC16,back porch,,
SC16,back porch,,
SC16,back porch,,
SC16,piazzas,,
SC16,piazza,,
SC17A,porch,,
SC17A,porch,,
SC17A,piazza,,
SC17A,piazzas,,
SC17A,shed,"at back, over pump",
SC17B,front porch,,
SC17B,back porch,,
SC17B,back porch,,
SC17B,piazzas,"""way back”",
SC17B,piazzas,,
SC17C,piazzas,all around,
SC17C,back piazza,,
SC17C,wash shelf,,
SC17C,passage,between house and kitchen,
SC17C,stoop,smaller [than piazza]; out in the country,
SC17D,front piazza,,
SC17D,back piazza,,
SC17D,porch,may be small,
SC17D,back stoop,not common here,
SC18N,front porch,,
SC18N,piazza,,
SC18N,front piazza,,
SC18A,piazza,more common [than veranda],
SC18A,piazza,more common [than veranda],
SC18A,piazza,more common [than veranda],
SC18A,piazza,more common [than veranda],
SC18A,back porch,,
SC18A,side porch,,
SC18A,stoop,little shed,
SC18A,stoop,little shed,
SC18A,front stoop,little shed,
SC18A,veranda,,
SC18B,porch,at back; thought as small,
SC18B,porch,at back; thought as small,
SC18B,piazza,bigger [than porch],
SC18B,piazza,bigger [than porch],
SC18B,veranda,no steps to ground; 2nd floor,
SC18B,upstairs,,
SC18C!,piazza,grew up calling it,
SC18C!,porch,,
SC18C!,porch,,
SC18C!,stoop,smaller [than porch],
SC18C!,back stoop,smaller [than porch],
SC18C!,passageway,like hall,
SC18C!,passage,like hall,
SC18C!,veranda,,
SC18D!,porch,,
SC18D!,back porch,,
SC18D!,piazza,,
SC18D!,piazza,,
SC18D!,porch,,
SC19N,piazza,"longer [than stoop], covered",
SC19N,stoop,"small, covered",
SC19N,platform,not covered,
SC19N,porch,= stoop; natural,
SC19A,piazza,big,
SC19A,front piazza,big,
SC19A,back piazza,big,
SC19A,side piazza,big,
SC19A,porch,small,
SC19A,stoop,"entrance; small (""shed”)",
SC19A,veranda,"= ""big piazza”",
SC19A,big piazza,,
SC19A,shed,,
SC19B,verandas,in Charleston,
SC19C,piazza,large,
SC19C,side porch,smaller [than piazza],
SC19C,stoop,"small, like porch",
SC19C,veranda,runs around the house,
SC19C,gallery,,
SC19C,balcony,,
SC19D!,piazza,,
SC19D!,stoop,,
SC19D!,porch,,
SC19D!,back piazza,,
SC19E!,piazza,big or small,
SC19E!,piazza,big or small,
SC19E!,upper piazza,,
SC19E!,balcony,"""upper piazza”",
SC19E!,piazza,big or small,
SC19E!,piazza,big or small,
SC19E!,veranda,,
SC20A,porch,,
SC20A,porch,,
SC20A,piazza,,
SC20B,porch,,
SC20B,front porch,,
SC20B,back porch,,
SC20B,piazza,,
SC20B,piazza,,
SC20C,porch,,
SC20C,porch,,
SC20C,piazzas,"""gallberry bushes”",
SC20C,piazzas,"""gallberry bushes”",
SC20D!,front porch,,
SC20D!,side porch,,
SC20D!,piazza,said himself,
SC20D!,piazza,Negroes [use],
SC21A,porch,,
SC21A,piazza,,
SC21B,porch,,
SC21B,piazza,,
SC22N,porch,,
SC22N,piazza,,
SC22N,stoop,,
SC22A,porch,,
SC22A,porch,,
SC22A,piazza,,
SC22B,porch,rare when young,
SC22B,piazza,,
SC22B,portico,,
SC22C!,porch,"smaller [than piazza]; ""entrance”",
SC22C!,entrance,,
SC22C!,piazza,,
SC22C!,stoop,uncovered; for loading and unloading,
SC23A,back porch,,
SC23A,piazza,,
SC23A,entry,back; smaller [than piazza],
SC23B,porch,,
SC23B,piazza,,
SC23B,piazza,,
SC23C,porch,,
SC23C,piazza,,
SC23D,piazza,,
SC23D,porch,,
SC23D,rear porch,,
SC23D,back porch,,
SC23D,veranda,lattice work,
SC23D,stoop,in Hampton Co. area; not here,
SC23E!,porch,small,
SC23E!,piazza,large,
SC24N,piazza,,
SC24A,porch,,
SC24A,porch,,
SC24A,porch,,
SC24A,stoop,,
SC24A,carport,,
SC24B,porch,"""got to callin' after a while”",
SC24B,back porch,,
SC24B,front porch,,
SC24B,piazza,,
SC24C,porch,,
SC24C,piazzas,,
SC24C,piazza,,
SC24C,back piazza,,
SC24D!,piazza,,
SC24D!,piazza,,
SC24D!,front piazza,,
SC24D!,brick piazza,,
SC24D!,porch,back of house or by kitchen,
SC25A,porch,,
SC25A,piazza,,
SC25B,porches,,
SC25B,back porch,,
SC25B,front porch,,
SC25B,piazza,,
SC25B,piazza,,
SC25B,portico,smaller [than porch]; = stoop,
SC25C!,side porch,,
SC25C!,back porch,,
SC25C!,kitchen porch,,
SC25C!,terraces,,
SC25C!,piazza,,
SC25C!,front stoop,very small,
SC26A,piazza,"no ""piazza”, no ""house”",
SC26A,piazza,,
SC26A,house,,
SC26A,porch,= piazza,
SC26A,platform,,
SC26A,shed,at back,
SC26B!,platform,kitchen to house,
SC26B!,porch,little larger [than platform],
SC26B!,piazza,generally say; railing,
SC26B!,porch,little larger [than platform],
SC27A,porch,roof,
SC27A,back porch,,
SC27A,patio,no roof,
SC27B,piazza,,
SC27B,back piazza,,
SC27B,porch,,
SC27B,front porch,,
SC27B,platform,,
SC27B,stoop,,
SC28A,piazza,"""if you say it now, they laugh at you”",
SC28A,piazza,"""if you say it now, they laugh at you”",
SC28A,front piazza,,
SC28A,back piazza,,
SC28A,back porch,,
SC28A,porch,,
SC28A,breezeway,between kitchen and house,
SC28B,porch,,
SC28B,piazza,"""old time people”",
SC28B,piazza,,
SC28C,porch,,
SC28C,piazza,father said,
SC28C,veranda,,
SC28C,stoop,"smaller [than porch, piazza, veranda]",
SC28C,breezeway,,
SC28D,porch,,
SC28D,piazzas,,
SC28D,piazzas,,
SC29A,porch,,
SC29A,piazza,,
SC29B,piazza,,
SC29B,piazza,,
SC29C,porch,,
SC29C,piazza,only on front,
SC29D,porch,,
SC29E,piazza,,
SC29E,back piazza,"""pump”",
SC29E,pump,,
SC29E,stoop,,
SC30A,piazza,,
SC30A,porch,,
SC30B,porch,"""a house without a porch is like a frowning woman”",
SC30B,porch,"""a house without a porch is like a frowning woman”",
SC30B,piazza,,
SC30B,piazza,,
SC30B,stoop,"small, at kitchen door",
SC30B,stoop,"small, at kitchen door",
SC30B,terrace,,
SC30C!,piazza,usual name,
SC30C!,back piazza,,
SC30C!,porch,small: platform and steps,
SC30C!,portico,,
SC31A,porch,,
SC31A,piazza,,
SC31B,front porch,,
SC31B,back steps,,
SC31B,piazza,daddy called,
SC32A,piazza,,
SC32A,porch,smaller [than piazza],
SC32A,back porch,smaller [than piazza],
SC32B,porch,,
SC32B,piazza,,
SC32B,piazza,,
SC32C,porch,,
SC32C,porch,,
SC32C,piazza,always said,
SC32C,stoop,smaller [than piazza]: platform and steps,
SC32C,veranda,,
SC32D,piazza,,
SC32D,back piazza,,
SC32D,porch,,
SC32D,stoop,,
SC33A,piazza,,
SC33B,piazza,,
SC33B,porch,,
SC33B,stoops,"""ain't that recent”",
SC33B,ain't that recent,,
SC33B,veranda,,
SC34A,porch,,
SC34A,piazza,,
SC34B,piazzas,,
SC34C,porch,,
SC34C,porch,,
SC34C,piazza,uncovered porch,
SC34C,piazza,uncovered porch,
SC34C,stoop,width of door,
SC34C,portico,short,
SC35A,porch,in the front or back,
SC35A,front porch,,
SC35A,back porch,,
SC35A,piazza,grandmother called it,
SC35B,porch,,
SC35B,back porch,,
SC35B,front porch,,
SC35B,piazza,,
SC35C,porch,,
SC35C,porch,,
SC35C,piazza,,
SC35D,NA,,
SC35E!,porch,one on each floor,
SC35E!,veranda,sometimes,
SC35E!,piazza,,
SC35E!,porch,one on each floor,
SC36A,porch,,
SC36A,porch,,
SC36A,portico,,
SC36A,piazza,,
SC36A,piazza,,
SC36A,entry,small,
SC36B,porch,,
SC36B,piazza,"""my father called it”",
SC36C,porch,,
SC36C,porch,,
SC36C,porch,,
SC36C,porch swing,,
SC36C,piazza,,
SC36C,portico,said as a chap,
SC36C,back shed,,
SC36D!,porch,,
SC36D!,porch,,
SC36D!,piazza,,
SC37,porch,,
SC37,front porch,roof,
SC38N,step piazza,,
SC38N,piazza,,
SC38N,back piazza,,
SC38N,back stoops,,
SC38N,walkway,house to kitchen,
SC38N,porch,,
SC38N,back porch,,
SC38N,front stoops,,
SC38A,piazza,,
SC38A,piazza,,
SC38A,piazza,,
SC38B,porch,,
SC38B,back porch,same as [side porch],
SC38B,side porch,same as [back porch],
SC38B,veranda,,
SC38C!,porch,,
SC38C!,piazza,,
SC38C!,piazza,,
SC38D!,porch,,
SC38D!,piazza,,
SC38D!,gallery,"""Charleston”",
SC38D!,Charleston,,
SC38D!,gallery,"""Charleston”",
SC38D!,stoop,"""step-mother from Virginia”",
SC38D!,step-mother from Virginia,,
SC38E!,NA,,
SC39A,porch,,
SC39A,porch,,
SC39A,piazza,,
SC39A,piazza,people used to call it,
SC39B!,piazza,in front; large,
SC39B!,piazza,in front; large,
SC39B!,piazza,in front; large,
SC39B!,piazza,in front; large,
SC39B!,front piazza,in front; large,
SC39B!,porch,small,
SC40A,porch,,
SC40A,back porch,,
SC40A,piazza,,
SC40A,piazza,later,
SC40A,back porch,,
SC40B,porch,,
SC40B,porch,,
SC40B,piazza,all the way around,
SC40B,piazza,all the way around,
SC40B,entrance,,
SC41A,piazza,,
SC41B,veranda,,
SC41B,veranda,,
SC41B,porch,more common [than veranda],
SC41B,porch,more common [than veranda],
SC41B,piazza,,
SC41B,piazza,,
SC41B,piazza,,
SC42N,front porch,,
SC42N,back piazza,,
SC42N,front veranda,,
SC42N,back veranda,,
SC42N,back porch,,
SC42N,piazza,,
SC42N,porch,,
SC42N,front veranda,,
SC42N,porch,,
SC42M,NR,,
SC42A,piazza,front or back,
SC42A,piazzas,front or back,
SC42B!,balcony,,
SC42B!,gallery,,
SC42B!,veranda,"railing, wide",
SC42B!,veranda,"railing, wide",
SC42B!,piazza,as children,
SC42B!,porch,,
SC42C!,porch,most natural,
SC42C!,stoop,"very small (apartment houses), 1'-2' wide",
SC42C!,piazza,= porch,
SC42C!,piazza,= porch,
SC42C!,portico,,
SC42C!,stoop,"very small (apartment houses), 1'-2' wide",
SC42C!,gallery,"""gallery is something upstairs”",
SC42C!,porch,,
SC42C!,piazza,= porch,
SC42C!,piazza,= porch,
SC42C!,gallery is something upstairs,,
SC42C!,veranda,rare; occasionally used,
SC42D!,porch,,
SC42D!,back porch,,
SC42D!,piazza,,
SC42E!,porch,,
SC42E!,piazza,usually,
SC42E!,steps,on most houses,
SC43A,NA,,
SC43B,porch,same [as piazza],
SC43B,porch,same [as piazza],
SC43B,back porch,,
SC43B,piazza,same thing [as porch],
SC43C,piazza,,
SC43C,piazza,,
SC43C,piazza,,
SC43C,piazza,,
SC43C,terrace,,
SC43C,corridor,= breezeway,
SC44A,front porch,,
SC44A,piazza,,
SC44A,piazzas,,
SC44A,shed,,
SC44A,shed,,
SC44B,piazza,,
SC44B,piazza,,
SC44B,piazza,,
SC44B,porch,,
SC44B,veranda,,
GA1N,porch,,
GA1N,porch,,
GA1N,stoop,,
GA1N,patio,"= ""upstairs”",
GA1N,breezy,"""breezeway” not here",
GA1N,upstairs,,
GA1A,porches,,
GA1A,piazza,"small, on back",
GA1A,piazza,"small, on back",
GA1A,stoop,,
GA1A,porch,,
GA1A,front shed,natural,
GA1A,piazza,less used,
GA1A,stoop,often of back porch,
GA1A,piazzas,"small, on back",
GA1B,porch,,
GA1B,porch,,
GA1B,veranda,larger [than porch],
GA1B,stoops,not big,
GA1B,piazza,,
GA1C,piazza,on back,
GA1C,piazza,on back,
GA1C,porch,comparatively little; on front,
GA1C,stoop,,
GA1D,front porches,columns,
GA1D,porch,,
GA1D,piazzas,,
GA1D,stoop,"small, front; tenement homes",
GA1E,stoop,,
GA1E,porch,,
GA1E,veranda,,
GA1E,piazza,,
GA1E,gallery,,
GA1E,high stoop houses,,
GA1F!,porch,small,
GA1F!,piazza,"long, broad",
GA1F!,stoop,small,
GA1F!,veranda,"long, narrow; on any floor",
GA1F!,balcony,no posts; on upper floor,
GA1G!,piazza,,
GA1G!,porch,,
GA1G!,stoop,smaller place [than porch],
GA1G!,front steps,,
GA1H!,piazza,,
GA1H!,piazza,,
GA1H!,piazzas,,
GA1H!,porch,,
GA1H!,porches,,
GA1H!,veranda,,
GA1H!,gallery,Charleston,
GA2N,front shed,,
GA2N,stoop,back,
GA2N,back shed,,
GA2A,front piazza,,
GA2A,porch,,
GA2A,stoop,smaller [than porch],
GA2A,upper story,,
GA2B,porch,,
GA2B,back porch,,
GA2B,piazza,,
GA2B,stoop,small,
GA2B,shed room,,
GA2B,breezeway,wife's word to describe porch? house proper to kitchen; north and central Georgia,
GA3A,veranda,,
GA3A,front shed,,
GA3A,porch,small,
GA3A,piazza,,
GA3B,front porch,,
GA3B,shed,,
GA3B,back porch,,
GA3B,piazza,,
GA3B,stoops,,
GA4N,porch,,
GA4N,piazza,,
GA4N,stoop,small,
GA4A,piazza,,
GA4A,piazza,,
GA4A,back piazza,,
GA4A,porch,smaller [than piazza]; not the same as piazza,
GA4A,porch,smaller [than piazza]; not the same as piazza,
GA4A,stoop,"""call 'em now”; = porch; not the same as piazza",
GA4B,veranda,,
GA4B,piazza,,
GA4B,stoop,in town,
GA4B,galleries,"""country people out in woods”",
GA4B,back porch,,
GA4B,porch,,
GA4C!,porch,same [as piazza]: long and narrow,
GA4C!,piazzas,"""some call 'em”",
GA4C!,piazza,same [as porch]: long and narrow,
GA4C!,gallery,upstairs,
GA4C!,porch,,
GA4C!,kitchen porch,,
GA4C!,stoop,Savannah,
GA5A,back porch,,
GA5A,front porch,,
GA5A,porches,,
GA5A,veranda,,
GA5A,piazza,rarely,
GA5A,stoop,few houses,
GA5B,porch,,
GA5C,porch,,
GA5C,piazza,,
GA5C,stoop,smaller [than porch],
GA5D!,back piazza,,
GA5D!,front piazza,,
GA5D!,entry,just inside,
GA5D!,piazzas,,
GA5D!,side piazza,none on north side,
GA5D!,stoop,,
GA5D!,veranda,more in Savannah than in Brunswick,
GA5E!,back porch,"usual name; ""lamps were kept”",
GA5E!,front porch,"usual name; ""lamps were kept”",
GA5E!,porches,,
GA5E!,stoop,hear it now; not heard locally as a boy,
GA5E!,lamps were kept,,
GA6A,piazza,,
GA6A,back porch,if at back,
GA6A,steps,,
GA6A,platform,house to kitchen,
GA6A,porch,,
GA6B!,porch,front or rear; small even if up or down,
GA6B!,porch,front or rear; small even if up or down,
GA6B!,piazza,large; together on two sides,
GA6B!,stoop,,
GA7,porch,,
GA7,kitchen porch walk,,
GA7,porch,,
GA7,piazza,,
GA7,piazza,[{ə̣}]: doubtful,
GA8A,porch,,
GA8A,shed,"""crackers”",
GA8A,veranda,,
GA8A,little porch,,
GA8A,stoop,,
GA8A,hall,,
GA8A,crackers,,
GA8B,breezeway,between two parts of house; [open] long hall,
GA8B,porch,,
GA8B,stoop,,
GA8B,piazza,"""don't think I ever used the word”",
GA8B,veranda,"""don't think I ever used the word”",
GA8B,stoop,small; or shed,
GA8B,dog trot,between two parts of house; [open] long hall,
GA9A,porch,,
GA9A,porch,,
GA9A,back porch,,
GA9A,porch,,
GA9A,porch chairs,,
GA9B,porch,,
GA9B,back porch,,
GA9B,weather sheds,,
GA10A,porch,,
GA10A,shed,,
GA10A,piazza,,
GA10A,stoop,rare; especially in back,
GA10B,front porch,,
GA10B,piazza,covered,
GA10B,stoop,over steps,
GA10B,walkway,house to kitchen,
GA10B,entry,house to kitchen,
GA11N,porch,,
GA11N,back porch,,
GA11N,side porch,,
GA11N,front porch,,
GA11N,end porch,,
GA12A,front porch,,
GA12A,back passage,,
GA12A,front porch,,
GA12A,piazza,,
GA12A,front passage,,
GA12A,piazza,"cf. ""piano”",
GA12A,back shed,,
GA12A,front shed,,
GA12A,stoop,,
GA12A,piano,,
GA12B!,front porch,,
GA12B!,porch,,
GA12B!,back porch,,
GA12B!,porch,,
GA12B!,stoop,,
GA12B!,veranda,,
GA12B!,patio,,
GA12B!,screen porch,front or back,
GA12B!,porch,,
GA13A,porch,,
GA13A,front shed,"as a boy; cf. ""sit on the shed”; roof",
GA13A,back shed,roof,
GA13A,piazza,"long, large, with roof",
GA13A,stoop,small,
GA13A,sit on the shed,,
GA13B!,back piazza,,
GA13B!,rear piazza,,
GA13B!,back porch,,
GA13B!,porch,,
GA13B!,porch,,
GA13B!,front piazza,,
GA13B!,stoops,on small house or off kitchen,
GA13B!,water shelf,,
GA14A,piazza,,
GA14A,piazza,,
GA14A,stoop,small roof over platform,
GA14B,front porch,,
GA14B,stoop,,
GA14B,veranda,,
GA14B,piazza,,
GA14B,front porch,,
GA14C,back porch,,
GA14C,back stoop,,
GA14C,piazza,front porch,
GA14C,entry,,
GA14C,front porch,,
GA14C,piazza,"""didn't call the porch”",
GA14C,walk,,
GA14C,porch,,
GA14C,little porches,,
GA14C,didn't call it the porch,,
GA14C,water shelf,,
GA15A,porch,,
GA15A,piazza,,
GA15A,stoop,"small, in front of door",
GA15B,front porch,,
GA15B,front piazza,,
GA16A,porch,,
GA16A,porch,,
GA16A,piazza,,
GA16A,platform,house to kitchen,
GA16A,portico,,
GA16B,piazza,,
GA16B,back piazza,,
GA16B,portico,,
GA16B,porch,,
GA16B,stoops,"small, in Savannah and Charleston",
GA16B,side piazza,,
GA16C,porch,,
GA16C,side porch,,
GA16C,veranda,more elaborate,
GA16C,terrace,no roof; brick or grass,
GA16D!,porch,,
GA16D!,back porch,,
GA16D!,stoop,grandmother's term,
GA16D!,piazza,"""used to talk about”",
GA17N,porch,any platform,
GA17N,porch,any platform,
GA17,porch,must have roof; not necessarily screened,
GA18A,porch,,
GA18A,front porch,,
GA18B,porch,,
GA18B,porch,,
GA18B,porch,,
GA18B,front porch,,
GA18B,stoop,,
GA18B,screen in porch,"""all the way across”",
GA18B,porch,,
GA19A,porch,,
GA19A,porch,"""all the way across”",
GA19A,porches,"""all the way across”",
GA19A,shed,,
GA19A,piazza,,
GA19A,piazza,,
GA19A,all the way across,,
GA19A,hall,between pens; open,
GA19B,front porch,,
GA19B,back porch,connected kitchen and dining-room with rest of house,
GA19B,back porch,connected kitchen and dining-room with rest of house,
GA20A,porch,,
GA20A,front porch,,
GA20A,piazza,"""daddy called it”",
GA20A,back piazza,,
GA20A,walk,"""kitchen” to house",
GA20A,daddy,,
GA20A,kitchen,,
GA20B,piazza,same [as veranda],
GA20B,veranda,same [as piazza],
GA20B,back porch,,
GA21A,porch,,
GA21A,piazza,older [than porch],
GA21A,back porch,,
GA21A,side porch,,
GA21A,front porch,,
GA21A,porch,,
GA21A,porch,,
GA21B,porch,,
GA21B,piazza,,
GA22A,porch,,
GA22B,veranda,,
GA22B,porch,,
GA22B,stoop,smaller [than porch],
GA22B,piazza,,
GA22B,open hall,between two parts of a house,
GA23A,porch,,
GA23A,veranda,"""some call it”",
GA23A,piazza,,
GA23B,porch,,
GA23B,back porch,,
GA23C,stoop,small,
GA23C,stoop,small,
GA23C,front and side porch,,
GA23C,balcony,,
GA23C,back porch,,
GA23C,front porch,,
GA23D!,porch,,
GA23D!,veranda,mansard; elaborate,
GA23D!,piazza,,
GA23D!,stoop,"little ""porch”; one story; not sure if local",
GA23D!,porch,,
GA23E!,porch,,
GA23E!,front porch,,
GA23E!,veranda,,
GA23E!,piazza,,
GA23F!,porch,,
GA23F!,back porch,,
GA23F!,balcony,2nd floor,
GA23F!,back porches,,
GA23F!,front porch,,
GA24N,porch,,
GA24N,porch,,
GA24A,porch,,
GA24A,veranda,,
GA24A,piazza,,
GA24B,porch,,
GA24B,porch,,
GA24B,piazza,,
GA24B,veranda,,
GA25N,front porch,,
GA25N,front yard,,
GA26,porch,,
GA26,front porch,,
GA26,back porch,,
GA26,back porch,,
GA26,side porch,,
GA26,front porch,,
GA27!,porch,roofed,
GA27!,back porch,,
GA27!,sleep-in porch,,
GA28,porch,,
GA28,veranda,,
GA28,platform,= stoop,
GA29A,platform,on neighboring house,
GA29A,front porch,,
GA29A,back porch,,
GA29A,piazza,"""back then”",
GA29A,stoop,"""not locally”",
GA29B,porch,,
GA29B,platform,house to kitchen,
GA29B,veranda,,
GA29B,piazza,,
GA29B,piazza,,
GA29B,piazza,"""cousin from Simms”",
GA29B,portico,= stoop,
GA29B,porch,,
GA30A,passage,between stove room and rest of house,
GA30A,porch,,
GA30A,front porch,,
GA30A,veranda,,
GA30A,piazza,,
GA30A,wood stand,smaller [thna piazza],
GA30B,piazza,,
GA30B,front piazza,,
GA30B,water shelf,on porch,
GA30B,porch,smaller [than piazza],
GA30C!,porch,,
GA30C!,back porch,,
GA30C!,front porch,,
GA30C!,sleep-in porch,,
GA30C!,front porch,,
GA30C!,back porch,,
GA30D,back porch,,
GA30D,front porch,,
GA30D,veranda,,
GA30D,piazza,,
GA30D,portico,,
GA30D,fuel porch,,
GA30E,NA,,
GA31,porch,,
GA31,front porch,,
GA32,porch,,
GA32,front porch,,
GA32,front porch,,
GA32,patio,,
GA33A,porch,,
GA33A,stoop,small,
GA33B,porch,,
GA33B,stoop,,
GA33B,veranda,,
GA34N,porches,,
GA34N,verandas,,
GA34A,porch,,
GA34A,veranda,rare,
GA34A,piazza,,
GA34B,porch,,
GA34B,piazza,,
GA34B,piazza,,
GA34B,veranda,"""old people”",
GA35N,sun porch,,
GA36N,veranda,,
GA36N,porch,,
GA36N,porch,,
GA36N,hip-roof porch,,
GA36N,flat porch,,
GA36N,veranda,,
GA36N,platform,,
GA37N,front porch,,
GA37N,porch,,
GA37M!,stoop,,
GA37M!,porch,large; at least 1/4 of front structure covered,
GA37M!,porch,large; at least 1/4 of front structure covered,
GA37A,veranda,,
GA37A,piazza,,
GA37B,back porch,,
GA37B,verandas,,
GA37B,piazza,,
GA37C,back porch,,
GA37C,porch,,
GA37C,stoop,smaller [than porch],
GA37C,side porch,roof,
GA37C,patio,no roof,
GA37D!,porch,,
GA37D!,back porch,,
GA37E!,porch,,
GA37E!,front porches,,
GA37E!,front stoops,,
GA37E!,back porch,,
GA37E!,front porch,,
GA37E!,terrace,,
GA37F!,back porch,,
GA37G!,porch,,
GA37G!,veranda,,
GA37G!,veranda,,
GA37G!,piazza,"""a little old-fashioned”",
GA37H!,porch,,
GA37H!,veranda,,
GA37H!,piazza,,
GA37H!,front porch,,
GA37H!,stoops,"""Baltimore black”",
GA37H!,Baltimore Black,,
GA37I!,stoop,8' X 4' tile floor,
GA37I!,porch,,
GA37I!,piazza,,
GA38,porch,,
GA39,porch,,
GA39,porches,,
GA40,front porch,,
GA40,veranda,,
GA41,porch,,
GA41,porch,,
GA41,porch,,
GA41,upstair porch,,
GA41,front porch,,
GA42A,porch,,
GA42A,entry,between kitchen and big house,
GA42A,entry,between kitchen and big house,
GA42B,porch,,
GA42B,piazza,,
GA42B,street porch,,
GA42B,yard,,
GA43,porch,,
GA44A,porch,,
GA44A,piazza,,
GA44B,piazza,"""most people”",
GA44C,porch,,
GA44C,piazza,,
GA44D,porch,,
GA44D,portico,,
GA44D,piazzas,"""used to call 'em”",
GA44E,porch,,
FL1,porch,,
FL1,piazza,,
FL1,shed,,
FL2A,porches,,
FL2A,piazzas,,
FL2A,piazza,,
FL2B,porch,,
FL2B,terrace,no roof,
FL2B,patio,,
FL2B,landing,with stairs inside or out,
FL2C!,piazza,often big,
FL2C!,porch,smaller [than piazza],
FL2C!,gallery,,
FL2C!,porches,smaller [than piazza],
FL2C!,front porches,,
FL2C!,back porches,,
FL2C!,piazza,often big,
FL3A,shed,,
FL3A,veranda,,
FL3A,balcony,= upstairs porch,
FL3A,porch,,
FL3B!,front piazza,,
FL3B!,piazza,,
FL3B!,porch,,
FL3B!,breezeway,between kitchen and house,
FL4,porch,,
FL4,front porch,,
FL4,porch,,
FL5A,porches,,
FL5A,walk,,
FL5A,veranda,"""old people call 'em”",
FL5B,veranda,"""lot of people”",
FL5B,porch,,
FL5B,piazza,a long time ago,
,,,